town,county,zip_code,facility_name,address,phone,fax,licensee,administrator,facility_type,license_no,total_beds,services,care_of_address,accreditation
ADAMS,GAGE,68301,GOLD CREST RETIREMENT CENTER,200 LEVI LANE,(402) 988-7115,(402) 988-2087,"COFFMAN-LEVI CHARITABLE TRUST, INC",JENNIFER GRAFF,ALF,ALF066,35,AGED/DISABLED MED WVR CER,,
AINSWORTH,BROWN,69210,COTTONWOOD VILLA,450 SOUTH MAIN STREET,(402) 387-1000,(402) 387-1015,"PRAIRIE INVESTORS, LLC",ANN FIALA,ALF,ALF046,36,AGED/DISABLED MED WVR CER,,
ALBION,BOONE,68620,GOOD SAMARITAN SOCIETY - SAMARITAN ESTATES,1225 SOUTH 6TH STREET,(402) 395-2020,(402) 395-2380,EVANGELICAL LUTHERAN GOOD SAMARITAN SOCIETY,KIM MICHAEL,ALF,ALF278,28,AGED/DISABLED MED WVR CER; COMPLEX NURSING,"GOOD SAMARITAN SOCIETY - SAMARITAN ESTATES 1222 SOUTH 7TH STREET, ALBION NE 68620",
ALLIANCE,BOX BUTTE,69301,HIGHLAND PARK ASSISTED LIVING,150 WEST 24TH STREET,(308) 762-1615,(308) 762-1621,"VSL ALLIANCE ASSISTED LIVING, LLC",ALICE SMITH,ALF,ALF048,40,AGED/DISABLED MED WVR CER,,
ALLIANCE,BOX BUTTE,69301,SANDHILLS ASSISTED LIVING,2421 PETERSON COURT,(308) 762-9000,(308) 762-9003,VSI ALLIANCE ASSISTED LIVING LLC,GINA MCCRACKEN,ALF,ALF460,16,AGED/DISABLED MED WVR CER,,
ALMA,HARLAN,68920,GOOD SAMARITAN SOCIETY - HILLCREST TERRACE,902 LINCOLN STREET,(308) 928-9085,(308) 928-9079,EVANGELICAL LUTHERAN GOOD SAMARITAN SOCIETY,SALLY BRUNDRETT,ALF,ALF244,16,AGED/DISABLED MED WVR CER,,
ASHLAND,SAUNDERS,68003,OXBOW LIVING CENTER,1617 BILLS DRIVE,(402) 944-3400,(402) 944-3044,"ASHLAND ASSISTED LIVING, LLC",KERRY DIERKS,ALF,ALF329,129,AGED/DISABLED MED WVR CER; ALZHEIMERS UNIT; COMPLEX NURSING; MEMORY CARE,,
ATKINSON,HOLT,68713,GOOD SAMARITAN SOCIETY - PRAIRIE WINDS,413 EAST,(402) 925-2099,(402) 925-2113,THE EVANGELICAL LUTHERAN GOOD SAMARITAN SOCIETY,KRISTY SIGLER,ALF,ALF214,12,AGED/DISABLED MED WVR CER,,
AUBURN,NEMAHA,68305,GOOD SAMARITAN SOCIETY - LONGS CREEK VILLAGE ASS,418 Q STREET,(402) 274-5511,(402) 274-5050,THE EVANGELICAL LUTHERAN GOOD SAMARITAN SOCIETY,CASSANDRA GREENE,ALF,ALF100,30,AGED/DISABLED MED WVR CER,,
AURORA,HAMILTON,68818,EAST PARK VILLA,1704 L STREET,(402) 694-2300,(402) 694-2305,"MEMORIAL COMMUNITY HEALTH, INC.",LAURIE ANDREWS,ALF,ALF203,81,AGED/DISABLED MED WVR CER,,
BATTLE CREEK,MADISON,68715,COMMUNITY PRIDE CARE CENTER,901 SOUTH 4TH STREET,(402) 675-2955,(402) 675-1003,CITY OF BATTLE CREEK,SHELLEY MCINTOSH,ALF,ALF043,16,AGED/DISABLED MED WVR CER,,
BAYARD,MORRILL,69334,CHIMNEY ROCK VILLA,106 EAST 13TH STREET,(308) 586-1142,(833) 389-1485,,SAMANTHA CLAUSE,ALF,ALF253,9,AGED/DISABLED MED WVR CER,,
BEATRICE,GAGE,68310,GOOD SAMARITAN SOCIETY - SAMARITAN SPRINGS,600 SOUTH 22ND STREET,(402) 228-3322,(402) 228-8310,EVANGELICAL LUTHERAN GOOD SAMARITAN SOCIETY,KENT HOHENSEE,ALF,ALF262,30,AGED/DISABLED MED WVR CER; COMPLEX NURSING,"GOOD SAMARITAN SOCIETY - BEATRICE 401 SOUTH 22ND STREET, BEATRICE NE 68310",
BEATRICE,GAGE,68310,HOMESTEAD HOUSE,2300 LINCOLN STREET,(402) 223-3287,(402) 387-7635,OXFORD NEBRASKA CAPITAL LLC,CHERYL SCHEELE,ALF,ALF395,47,AGED/DISABLED MED WVR CER,,
BEATRICE,GAGE,68310,NEBRASKA PEO HOME,413 NORTH 5TH STREET,(402) 228-4208,(402) 228-4209,NEBRASKA PEO SISTERHOOD,SHARI LITTLE,ALF,ALF287,20,AGED/DISABLED MED WVR CER,,
BEATRICE,GAGE,68310,WHISPERING WINDS COTTAGE,628 NORTH 33RD STREET,(402) 228-6354,(402) 228-6358,"WHISPERING WINDS COTTAGE, LLC",PAM KOZEAL,ALF,ALF374,16,ALZHEIMERS/SPECIAL CARE U; MEMORY CARE,,
BEEMER,CUMING,68716,COLONIAL COURTS,424 HARRISON ST,(402) 528-3268,(402) 528-3410,VILLAGE OF BEEMER,TAMMY DEEMER,ALF,ALF270,16,AGED/DISABLED MED WVR CER,,
BELLEVUE,SARPY,68005,HERITAGE RIDGE RETIREMENT COMMUNITY,1502 FORT CROOK ROAD,(402) 932-1881,(402) 916-5500,HERITAGE RIDGE LLC,AUTUMN DURHAM,ALF,ALF336,160,AGED/DISABLED MED WVR CER; ALZHEIMERS UNIT; MEMORY CARE,"HERITAGE RIDGE RETIREMENT COMMUNITY 16934 FRANCES ST, STE 200, OMAHA NE 68130",
BELLEVUE,SARPY,68133,"Hillcrest Mable Rose, LLC",4609 HILLTOP STREET,(402) 291-9777,(402) 682-6816,"HILLCREST MABLE ROSE, LLC",ANGELA WALLACE,ALF,ALF400,84,AGED/DISABLED MED WVR CER; ALZHEIMERS UNIT; MEMORY CARE,"MABLE ROSE ESTATES 1902 HARLAN DRIVE, BELLEVUE NE 68005",
BELLEVUE,SARPY,68123,Legato Living At Heartland Hills,13510 S 36TH ST,(402) 676-5122,,,ALICIA ZUGER,ALF,ALF452,10,ALZHEIMERS UNIT; MEMORY CARE,,
BELLEVUE,SARPY,68005,RICHMONT TERRACE ASSISTED LIVING & MEMORY CARE,620 FORT CROOK ROAD,(402) 291-9800,(402) 800-2515,"RICHMONT TERRACE II, LLC",DIANE DYER,ALF,ALF366,114,AGED/DISABLED MED WVR CER; ALZHEIMERS UNIT; MEMORY CARE; COMPLEX NURSING,"RICHMONT TERRACE ASSISTED LIVING & MEMORY CARE 702 FORT CROOK ROAD SOUTH, BELLEVUE NE",
BENNINGTON,DOUGLAS,68007,RIDGEWOOD ACTIVE RETIREMENT COMMUNITY,12301 NORTH 149TH CIRCLE,(402) 819-3886,(402) 884-7525,"GAHC3 BENNINGTON NE ALF TRS SUB, LLC",AMY WILKERSON,ALF,ALF331,88,AGED/DISABLED MED WVR CER; ALZHEIMERS UNIT; MEMORY CARE,,
BLAIR,WASHINGTON,68008,CARTER PLACE,1028 JO ANN DRIVE,(402) 426-1977,(402) 545-8203,CARTER AID OPCO LLC,JANICE FITCHHORN,ALF,ALF025,36,,"CARTER PLACE ENLIVANT - LEGAL DEPT, 330 N WABASH, SUITE 3700, CHICAGO IL 60611",
BLAIR,WASHINGTON,68008,CROWELL MEMORIAL HOME,245 SOUTH 22ND STREET,(402) 426-2177,(402) 426-2577,CROWELL MEMORIAL HOME,JACLYN SVENDGARD,ALF,ALF049,34,AGED/DISABLED MED WVR CER,,
BLAIR,WASHINGTON,68008,GOOD SHEPHERD LUTHERAN ASSISTED LIVING,2290 WRIGHT STREET,(402) 426-3586,(402) 426-5311,"BLAIR AL OPERATIONS, LLC",CANDACE GIBSON,ALF,ALF432,24,AGED/DISABLED MED WVR CER,,
BLOOMFIELD,KNOX,68718,GOOD SAMARITAN SOCIETY - SUNSET VIEW,205 SOUTH 2ND STREET,(402) 373-4150,(402) 373-4160,THE EVANGELICAL LUTHERAN GOOD SAMARITAN SOCIETY,MADISON TERNUS,ALF,ALF215,16,AGED/DISABLED MED WVR CER,,
BROKEN BOW,CUSTER,68822,CUSTER CARE,1020 SOUTH 2ND AVENUE,(308) 872-6303,(308) 872-2677,,JEANETTE DENSON,ALF,ALF322,13,AGED/DISABLED MED WVR CER,,
BROKEN BOW,CUSTER,68822,OFF BROADWAY APARTMENTS,403 SOUTH 1ST AVENUE,(308) 872-2522,(877) 880-2864,"OFF BROADWAY APARTMENTS, INC",FELISHIA BROCK,ALF,ALF120,50,AGED/DISABLED MED WVR CER,,
BROKEN BOW,CUSTER,68822,"QUALITY SENIOR VILLAGES, INC",715 ARAPAHOE LANE,(308) 872-6387,(308) 872-8399,"QUALITY SENIOR VILLAGES, INC",JEANETTE DENSON,ALF,ALF359,14,ALZHEIMERS UNIT; MEMORY CARE,,
BURWELL,GARFIELD,68823,FRIENDSHIP HOME ASSISTED LIVING,"PO BOX 340, 1015 F STREET",(308) 346-4440,(308) 346-5184,"COMMUNITY MEMORIAL HOSPITAL, INC",KYLEE MOORMANN,ALF,ALF382,18,AGED/DISABLED MED WVR CER,,
CAMBRIDGE,FURNAS,69022,TRI VALLEY ASSISTED LIVING,711 MOUSEL AVENUE,(308) 697-4423,(308) 697-4425,CAMBRIDGE MEMORIAL HOSPITAL ASSN,DEANNA WEAVER,ALF,ALF222,24,AGED/DISABLED MED WVR CER,,
CENTRAL CITY,MERRICK,68826,CC LIVE,1307 16TH STREET,(308) 946-2276,(308) 946-9887,,DONNA SAUTTER,ALF,ALF094,16,,,
CENTRAL CITY,MERRICK,68826,"CENTRAL ASSISTED LIVING, INC","PO BOX 336, 915 16TH STREET",(308) 946-5567,(308) 946-3204,"CENTRAL ASSISTED LIVING, INC",MYLET BAUM,ALF,ALF027,20,,,
CENTRAL CITY,MERRICK,68826,COTTONWOOD ESTATES,2316 28TH STREET,(308) 946-2100,(308) 946-3530,"COTTONWOOD ESTATES, LLC",CYNTHIA WALL,ALF,ALF324,50,AGED/DISABLED MED WVR CER,,
CHADRON,DAWES,69337,PRAIRIE PINES LODGE,900 WEST 7TH ST,(308) 432-4305,(308) 432-8996,CHADRON COMMUNITY HOSPITAL CORP.,TIM FRYE,ALF,ALF136,20,AGED/DISABLED MED WVR CER,"CHADRON COMMUNITY HOSPITAL PRAIRIE PINES LODGE, 825 CENTENNIAL DR, CHADRON NE 69337",
CLARKSON,COLFAX,68629,CLARKSON COMMUNITY CARE CENTER,212 SUNRISE DRIVE,(402) 892-3494,(402) 892-3290,CLARKSON COMMUNITY CARE CENTER INC,CHAD THOMPSON,ALF,ALF412,3,AGED/DISABLED MED WVR CER,,
COLERIDGE,CEDAR,68727,PARK VIEW HAVEN/THE EMBERS,509 WEST CEDAR STREET,(402) 283-5020,(402) 283-5022,VILLAGE OF COLERIDGE,NANCY MOSEL,ALF,ALF223,28,AGED/DISABLED MED WVR CER,,
COLUMBUS,PLATTE,68601,COTTONWOOD SENIOR LIVING,3271 29TH AVENUE,(402) 562-9136,(402) 563-2097,"COLUMBUS AL, LLC",ANGELA LURTH,ALF,ALF440,47,,"COTTONWOOD PLACE ENLIVANT - LEGAL DEPT, 330 N WABASH, SUITE 3700, CHICAGO IL 60611",
COLUMBUS,PLATTE,68601,"EDGEWOOD COLUMBUS SENIOR LIVING, LLC",3386 53RD AVENUE,(402) 564-3785,(402) 564-4157,"EDGEWOOD COLUMBUS SENIOR LIVING, LLC",NOEMI ARCOS,ALF,ALF054,14,AGED/DISABLED MED WVR CER; ALZHEIMERS UNIT; MEMORY CARE,"ERICA KALIS EDGEWOOD COLUMBUS SENIOR LIVING, LLC, 322 DEMERS AVE, STE 500, PO BOX 13238,",
COLUMBUS,PLATTE,68601,EMERALD NURSING & REHAB COLUMBUS,"PO BOX 625, 2855 40TH AVENUE",(402) 564-8014,(402) 564-0885,COLUMBUS OPERATIONS LLC,CHELSEY ROAN,ALF,ALF445,38,AGED/DISABLED MED WVR CER,,
COLUMBUS,PLATTE,68601,MERIDIAN GARDENS ASSISTED LIVING,4515 38TH STREET,(402) 562-6300,(402) 562-4594,"MERIDIAN GARDENS OPERATING, LLC",JOSHUA STODDARD,ALF,ALF310,117,AGED/DISABLED MED WVR CER; ALZHEIMERS UNIT; MEMORY CARE,"MERIDIAN GARDENS ASSISTED LIVING HERITAGE MANAGEMENT SERVICES, 16934 FRANCES ST, STE 200,",
COLUMBUS,PLATTE,68601,PRAIRIE VILLAGE RETIREMENT CENTER,3000 39TH AVENUE,(402) 563-4213,(402) 564-4588,PRAIRIE VILLAGE HOME CORP OF COLUMBUS,DAWN PAVEL,ALF,ALF138,60,,,
COZAD,DAWSON,69130,EMERALD NURSING & REHAB COZAD,318 WEST 18TH STREET,(308) 784-3715,(308) 784-3746,COZAD OPERATIONS LLC,KILEY GOFF,ALF,ALF446,22,AGED/DISABLED MED WVR CER,,
COZAD,DAWSON,69130,MEADOWLARK POINTE ASSISTED LIVING,,(308) 784-4100,(308) 784-4115,COZAD HOSPITAL DISTRICT,AMBER COCHRANE,ALF,ALF309,69,AGED/DISABLED MED WVR CER; ALZHEIMERS/SPECIAL; MEMORY CARE,,
CRAWFORD,DAWES,69339,PONDEROSA VILLA,755 1ST STREET,(308) 665-1224,(308) 665-2450,CITY OF CRAWFORD,CHARLENE ZANDER,ALF,ALF135,18,AGED/DISABLED MED WVR CER,,
CRETE,SALINE,68333,GARDEN SQUARE OF CRETE,1405 HICKORY AVENUE,(402) 826-2241,(402) 826-5541,,APRIL HEYEN,ALF,ALF063,59,AGED/DISABLED MED WVR CER,,
CURTIS,FRONTIER,69025,"SENIOR LIVING CHOICES COMMUNITY, LLC",217 CROOK AVENUE,(308) 367-4259,(308) 367-4387,SENIOR LIVING CHOICES COMMUNITY LLC,EMILY MERRITT,ALF,ALF437,20,AGED/DISABLED MED WVR CER,,
DAVID CITY,BUTLER,68632,ST JOSEPH'S COURT,646 I STREET,(402) 367-3045,(402) 367-3730,"ST. JOSEPH'S VILLA, INC.",CHRISTINA SHANNON,ALF,ALF163,26,AGED/DISABLED MED WVR CER,,
DESHLER,THAYER,68340,MEADOWLARK HEIGHTS ASSISTED LIVING,1111 4TH STREET,(402) 365-4545,(402) 365-4515,,MIRANDA ISERNHAGEN,ALF,ALF255,20,AGED/DISABLED MED WVR CER; ALZHEIMERS UNIT,,
DONIPHAN,HALL,68832,PRAIRIE WINDS Assisted Living,603 WEST 6TH STREET,(402) 845-4500,(402) 845-4501,"QUALITY LOVING CARE, LLC",AMBER WIECHMAN,ALF,ALF139,35,AGED/DISABLED MED WVR CER,,
ELKHORN,DOUGLAS,68022,ELK RIDGE VILLAGE,19400 ELK RIDGE DRIVE,(402) 763-8695,(402) 763-8697,SILVERCREST-ELK RIDGE ASSISTED LIVING LLC,TONY DAMEWOOD,ALF,ALF314,92,AGED/DISABLED MED WVR CER; ALZHEIMERS UNIT; MEMORY CARE,,
ELKHORN,DOUGLAS,68022,Garden View Manor Llc,2450 NORTH 185TH STREET,(531) 999-2264,(531) 484-2541,GARDEN VIEW MANOR LLC,CHRISTI JOHNSON,ALF,ALF406,8,,,
ELKHORN,DOUGLAS,68022,"Grandview Partners, LLC",3720 GEORGE B LAKE PARKWAY,(531) 999-2747,(531) 200-5584,GRANDVIEW PARTNERS LLC,KATHRYN SALINAS,ALF,ALF470,46,MEMORY CARE ENDORSEMENT,,
ELKHORN,DOUGLAS,68022,LEGATO LIVING AT FIVE FOUNTAINS,19111 WESTERN AVE,(308) 530-6311,(402) 718-8412,BOPES LIVING LLC,TAYLOR BOPES,ALF,ALF436,14,ALZHEIMERS UNIT; COMPLEX NURSING,,
ELKHORN,DOUGLAS,68022,Legato Living At Skyline,280 SKYLINE DRIVE,(308) 530-6311,(402) 718-8412,BOPES LIVING LLC,TAYLOR BOPES,ALF,ALF476,8,ALZHEIMERS UNIT,,
ELKHORN,DOUGLAS,68022,MARQUIS PLACE OF ELKHORN,20800 WEST MAPLE ROAD,(402) 289-9229,(402) 289-9559,"CSL ELKHORN, LLC",JACOB SCHULTZ,ALF,ALF220,69,AGED/DISABLED MED WVR CER; ALZHEIMERS UNIT; MEMORY CARE,,
ELKHORN,DOUGLAS,68022,SYMPHONY POINTE,445 S 193RD STREET,(402) 502-8577,(402) 374-9941,"LIVE GOOD OMAHA, LLC",KATIE FESTER,ALF,ALF447,115,ALZHEIMERS UNIT,,
ELWOOD,GOSPER,68937,ELWOOD CARE CENTER & ASSISTED LIVING,607 SMITH AVENUE,(308) 785-3302,(308) 785-3193,VILLAGE OF ELWOOD,KATE REINERS,ALF,ALF248,10,AGED/DISABLED MED WVR CER,,
FAIRBURY,JEFFERSON,68352,FAIRBURY ASSISTED LIVING FACILITY DBA CEDARWOOD,828 22ND STREET,(402) 729-6100,(402) 729-6101,JEFFERSON COMMUNITY HEALTH CENTER & BRYANLGH HEALT,BECKY BRUCE,ALF,ALF281,65,AGED/DISABLED MED WVR CER,,
FAIRMONT,FILLMORE,68354,COUNTRY REFLECTIONS/FAIRVIEW MANOR,255 F STREET,(402) 268-2271,(402) 268-3901,VILLAGE OF FAIRMONT,TAMARA SCHEIL,ALF,ALF264,20,AGED/DISABLED MED WVR CER,,
FALLS CITY,RICHARDSON,68355,"JONESBROOK ESTATES, LLC",1010 EAST 21ST STREET,(402) 245-6033,(402) 245-2096,"JONESBROOK ESTATES, LLC",SHERRY AITKEN,ALF,ALF185,29,AGED/DISABLED MED WVR CER,"JONESBROOK ESTATES, LLC 65253 703 LOOP, FALLS CITY NE 68355",
FIRTH,LANCASTER,68358,LAKEVIEW LIVING,404 EAST 8TH STREET,(402) 791-0157,(402) 791-0158,"TREDZ CENTRAL PROPERTIES, LLC",TAMMY GARZA,ALF,ALF356,30,AGED/DISABLED MED WVR CER,,
FORT CALHOUN,WASHINGTON,68023,AUTUMN POINTE ASSISTED LIVING,501 NORTH 13TH STREET,(402) 468-4700,(402) 468-4704,"WILCOX PROPERTIES OF FORT CALHOUN, LLC",TAMMY SPECK,ALF,ALF033,62,AGED/DISABLED MED WVR CER,"WILCOX PROPERTIES OF FORT CALHOUN, LLC AUTUMN POINTE ASSISTED LIVING, PO BOX 40, GRETNA",
FRANKLIN,FRANKLIN,68939,Accura Healthcare of Franklin,909 FAIRWAY DRIVE,(308) 425-6262,(308) 425-8589,"ACCURA HEALTHCARE OF FRANKLIN, LLC",KIM GRAMS,ALF,ALF475,18,AGED/DISABLED MED WVR CER,,
FREMONT,DODGE,68025,"EDGEWOOD FREMONT SENIOR LIVING, LLC",2910 NORTH CLARKSON STREET,(402) 753-8800,(402) 753-8801,"EDGEWOOD FREMONT SENIOR LIVING, LLC",MICHAELA COUFAL,ALF,ALF055,14,AGED/DISABLED MED WVR CER; ALZHEIMERS UNIT; MEMORY CARE,"ERICA KALIS EDGEWOOD FREMONT SENIOR LIVING LLC, 322 DEMERS AVE, STE 500, PO BOX 13238,",
FREMONT,DODGE,68025,NYE SQUARE,655 WEST 23RD STREET,(402) 721-9224,(402) 753-6133,NYE SQUARE LIMITED PARTNERSHIP,BELINA BROOKE,ALF,ALF114,50,AGED/DISABLED MED WVR CER,,
FREMONT,DODGE,68025,PATHFINDER SENIOR LIVING,,(402) 721-7714,(402) 727-4225,,MARGARET GILLESPIE,ALF,ALF441,47,,"PATHFINDINER PLACE ENLIVANT - LEGAL DEPT, 330 N WABASH AVE, SUITE 3700, CHICAGO IL 60611",
FREMONT,DODGE,68025,PROVIDENCE PLACE OF FREMONT,749 E 32ND STREET,(402) 727-8200,(402) 816-4286,,BETH FICKENSCHER,ALF,ALF349,20,AGED/DISABLED MED WVR CER; ALZHEIMERS UNIT; COMPLEX NURSING; MEMORY CARE,,
FREMONT,DODGE,68025,SHALIMAR GARDENS ASSISTED LIVING,749 EAST 29TH STREET,(402) 721-1616,(402) 753-8080,"STE 200, OMAHA NE 68130",ASHLEY HINRICHS,ALF,ALF257,100,AGED/DISABLED MED WVR CER; ALZHEIMERS UNIT; MEMORY CARE,"SHALIMAR GARDENS ASSISTED LIVING HERITAGE MANAGEMENT SERVICES, 16934 FRANCES STREET,",
FREMONT,DODGE,68025,SHILOH PLACE LLC,915 NORTH H STREET,(402) 208-8859,(402) 721-9170,"SHILOH PLACE, LLC",CYNTHIA WHITTEN,ALF,ALF355,32,AGED/DISABLED MED WVR CER,,
FULLERTON,NANCE,68638,Accura HealthCare of Fullerton,202 N ESTHER ST,(308) 536-2488,(308) 536-4134,"ACCURA HEALTHCARE OF FULLERTON, LLC",CARRIE SNYGG,ALF,ALF474,16,AGED/DISABLED MED WVR CER,"ARBOR CARE CENTERS-FULLERTON LLC 202 NORTH ESTHER, FULLERTON NE 68638",
FULLERTON,NANCE,68638,VALLEY VIEW ASSISTED LIVING COMMUNITY,915 7TH STREET,(308) 536-3390,(308) 536-3336,VALLEY VIEW ASSISTED LIVING LLC,SHELLI HORACEK,ALF,ALF250,30,AGED/DISABLED MED WVR CER,,
GENEVA,FILLMORE,68361,HERITAGE CROSSINGS,501 NORTH 13TH STREET,(402) 759-3194,(402) 759-3140,,SHERRI DUE,ALF,ALF234,30,AGED/DISABLED MED WVR CER,,
GENOA,NANCE,68640,HOFFMEISTER HOMES,,(402) 993-2811,(402) 993-6032,"P O BOX 519, 324 NORTH PINE STREET",JOHN HOFFMEISTER JR,ALF,ALF131,25,,,
GENOA,NANCE,68640,LOOKING GLASS ESTATES,"PO BOX 310, 424 LOOKING GLASS LANE",(402) 993-2283,(402) 993-2373,,AMANDA ROEBUCK,ALF,ALF268,17,AGED/DISABLED MED WVR CER,,
GERING,SCOTTS BLUFF,69341,NORTHFIELD VILLA HEALTH CARE CENTER,2460 FIVE ROCKS ROAD,(308) 436-3101,(308) 633-3058,NORTHFIELD RETIREMENT COMMUNITIES,JENNIFER GREENWOOD,ALF,ALF113,70,AGED/DISABLED MED WVR CER,"NORTHFIELD VILLA HEALTH CARE CENTER NORTHFIELD RETIREMENT COMMUNITIES, 2100 CIRCLE",
GOTHENBURG,DAWSON,69138,STONE HEARTH ESTATES,110 W 20TH STREET,(308) 537-7771,(308) 537-7787,"GOTHENBURG SENIOR LIVING, LLC",ASHLEY JOHNSON,ALF,ALF302,65,AGED/DISABLED MED WVR CER; ALZHEIMERS UNIT; MEMORY CARE,,
GRAND ISLAND,HALL,68803,Crane Gardens,2904 W 5TH STREET,(308) 675-4000,(308) 675-2020,,AMBER ROSNO,ALF,ALF408,15,ALZHEIMERS UNIT; MEMORY CARE,"CRANE GARDENS 205 E BUFFALO CIR, HASTINGS NE 68901",
GRAND ISLAND,HALL,68803,"EDGEWOOD GRAND ISLAND SENIOR LIVING, LLC",,(308) 384-0717,(308) 384-0728,"EDGEWOOD GRAND ISLAND SENIOR LIVING, LLC",DEBORAH SCHAAF,ALF,ALF056,14,AGED/DISABLED MED WVR CER; ALZHEIMERS UNIT; MEMORY CARE,"ERICA KALIS EDGEWOOD VISTA SENIOR LIVING, LLC. - GRAND ISLAND, 322 DEMERS AVE, STE 500, PO",
GRAND ISLAND,HALL,68801,EMERALD NURSING & REHAB LAKEVIEW,1405 WEST,(308) 382-6397,(308) 382-0125,GRAND ISLAND LAKEVIEW OPERATIONS LLC,JESSICA LAWLESS,ALF,ALF444,18,AGED/DISABLED MED WVR CER,,
GRAND ISLAND,HALL,68803,GOOD SAMARITAN SOCIETY - CRANE MEADOWS ASSISTE,4071 TIMBERLINE STREET,(308) 384-3535,(308) 675-0980,THE EVANGELICAL LUTHERAN GOOD SAMARITAN SOCIETY,DANIELLE MUIR,ALF,ALF334,44,AGED/DISABLED MED WVR CER,"GOOD SAMARITAN SOCIETY - CRANE MEADOWS ASSISTED LI ATTN: ADMINISTRATOR, 4075 TIMBERLINE,",
GRAND ISLAND,HALL,68801,"GRAND ISLAND BICKFORD COTTAGE OPCO, L.L.C.",3285 WOODRIDGE BLVD,(308) 384-3800,(308) 384-4549,"GRAND ISLAND BICKFORD COTTAGE, LLC",MELISSA STRATMAN-SCHRINER,ALF,ALF072,44,AGED/DISABLED MED WVR CER,"GRAND ISLAND BICKFORD COTTAGE LLC ATTN: ADMINISTRATOR, 13795 SOUTH MUR-LEN ROAD #301,",
GRAND ISLAND,HALL,68803,"GRAND ISLAND COUNTRY HOUSE, LLC",833 N ALPHA STREET,(308) 381-1988,(308) 381-4005,"GRAND ISLAND COUNTRY HOUSE, LLC",TRACY SCHUYLER,ALF,ALF300,29,AGED/DISABLED MED WVR CER; ALZHEIMERS UNIT; MEMORY CARE,"GRAND ISLAND COUNTRY HOUSE, LLC. 25 AVENUDA DE ORINDA, ORINDA CA 94563",
GRAND ISLAND,HALL,68803,LEBENSRAUM ASSISTED LIVING,118 SOUTH INGALLS STREET,(308) 382-9066,(308) 395-8822,,MEGAN CORONA,ALF,ALF095,33,AGED/DISABLED MED WVR CER,,
GRAND ISLAND,HALL,68803,PRIMROSE RETIREMENT COMMUNITY OF GRAND ISLAND,3990 W CAPITAL AVENUE,(308) 381-4100,(308) 382-9577,"TSMM MANAGEMENT, LLC",SOPHIA ACOSTA,ALF,ALF296,42,,"PRIMROSE RETIREMENT COMMUNITY OF GRAND ISLAND C/O TSMM MANAGEMENT, LLC, PO BOX 1359,",
GRAND ISLAND,HALL,68801,"RIVERSIDE LODGE, INC",404 WOODLAND DRIVE,(308) 382-1657,(308) 229-8448,"RIVERSIDE LODGE, INC",COURTNEY RIEF,ALF,ALF148,75,AGED/DISABLED MED WVR CER; ALZHEIMERS UNIT,,
GRAND ISLAND,HALL,68803,TABITHA AT PRAIRIE COMMONS ASSISTED LIVING AND ME,3490 EWOLDT STREET,(308) 321-1122,(308) 675-8107,"TABITHA GRAND ISLAND, INC.",TONYA VAN PELT,ALF,ALF428,60,ALZHEIMERS UNIT; MEMORY CARE,,
GRAND ISLAND,HALL,68803,THE HERITAGE AT SAGEWOOD,1920 SAGEWOOD AVENUE,(308) 398-8005,(308) 675-3325,"THE HERITAGE AT SAGEWOOD OPERATING, LLC",BRIANNA HANSEN,ALF,ALF372,136,ALZHEIMERS UNIT; MEMORY CARE,,
GRANT,PERKINS,69140,PARK RIDGE ASSISTED LIVING,904 CENTRAL AVENUE,(308) 352-7246,(308) 352-7248,PERKINS COUNTY HOSPITAL DISTRICT,NEIL HILTON,ALF,ALF231,17,AGED/DISABLED MED WVR CER,,
GRETNA,SARPY,68028,Hillcrest Highlands Of Gretna,10890 S 208TH ST,(402) 557-5557,(531) 867-8757,"HILLCREST HIGHLANDS OF GRETNA, LLC",SAMANTHA NIEMOTH,ALF,ALF453,60,ALZHEIMERS UNIT,,
GRETNA,SARPY,68028,HILLCREST SILVER RIDGE,20332 HACKBERRY DRIVE,(402) 332-4280,(402) 905-2319,"HILLCREST SILVER RIDGE, LLC",JESSICA COOK,ALF,ALF399,140,AGED/DISABLED MED WVR CER; ALZHEIMERS UNIT; MEMORY CARE,,
HARTINGTON,CEDAR,68739,"Accura HealthCare of Hartington, LLC",,(402) 254-3905,(402) 254-3963,"BOX 107, 401 WEST DARLENE",JODI KNEIFL,ALF,ALF473,20,AGED/DISABLED MED WVR CER,,
HARVARD,CLAY,68944,THE HARVARD HOUSE,400 EAST 7TH STREET,(402) 772-2511,(402) 772-2541,,TINA BUERER,ALF,ALF228,20,AGED/DISABLED MED WVR CER,,
HASTINGS,ADAMS,68901,COLLEGE VIEW ASSISTED LIVING AND MEMORY SUPPORT,1100 N 6TH AVENUE,(402) 462-6264,(402) 461-2832,"COLLEGE VIEW OPERATING, LLC",TERRI COE,ALF,ALF307,80,AGED/DISABLED MED WVR CER; ALZHEIMERS UNIT; MEMORY CARE,"COLLEGE VIEW ASSISTED LIVING & MEMORY SUPPORT COMM HERITAGE MANAGEMENT SERVICES, INC,",
HASTINGS,ADAMS,68901,"EDGEWOOD HASTINGS SENIOR LIVING, LLC",2400 WEST 12TH STREET,(402) 462-4633,(402) 462-6828,"EDGEWOOD HASTINGS SENIOR LIVING, LLC",ERIN JARZYNKA,ALF,ALF057,16,AGED/DISABLED MED WVR CER; ALZHEIMERS UNIT; MEMORY CARE,"ERICA KALIS EDGEWOOD HASTINGS SENIOR LIVING LLC, 322 DEMERS AVE, SUITE 500, PO BOX 13238,",
HASTINGS,ADAMS,68901,GOOD SAMARITAN SOCIETY - VILLA,931 EAST F STREET,(402) 460-3247,(402) 460-3207,THE EVANGELICAL LUTHERAN GOOD SAMARITAN SOCIETY,SANDRA PRICE,ALF,ALF182,64,AGED/DISABLED MED WVR CER; COMPLEX NURSING,"C/O ADMINISTRATOR GOOD SAMARITAN SOCIETY - VILLA, 926 EAST ""E"" STREET, HASTINGS NE 68902",
HASTINGS,ADAMS,68901,HOMESTEAD OF HASTINGS,,(402) 461-3841,(402) 461-4398,"MIDWEST HOMESTEAD OF HASTINGS OPERATIONS, LLC",MICHELLE MCINTYRE,ALF,ALF170,46,AGED/DISABLED MED WVR CER,,
HASTINGS,ADAMS,68901,PROVIDENCE PLACE OF HASTINGS,3507 W 12TH STREET,(402) 834-3285,(402) 834-3374,,DANA DEVANEY,ALF,ALF357,20,ALZHEIMERS UNIT; COMPLEX NURSING; MEMORY CARE,,
HASTINGS,ADAMS,68901,THE KENSINGTON,233 NORTH HASTINGS AVENUE,(402) 461-3149,(402) 461-4513,KENSINGTON HASTINGS LLC,KIMBERLY HAWKE,ALF,ALF239,90,AGED/DISABLED MED WVR CER; ALZHEIMERS UNIT; MEMORY CARE,,
HAY SPRINGS,SHERIDAN,69347,PIONEER MANOR ASSISTED LIVING,"PO BOX 310, 318 NORTH 3RD STREET",(308) 638-4483,(308) 638-7385,CITY OF HAY SPRINGS,KRYSTYN TURMAN,ALF,ALF285,10,AGED/DISABLED MED WVR CER; COMPLEX NURSING,,
HEBRON,THAYER,68370,COURTYARD TERRACE,,(402) 768-3950,(402) 768-3951,"P O BOX 166, 1 TERRACE CIRCLE",CARRIE GRIMES,ALF,ALF022,55,AGED/DISABLED MED WVR CER,,
HICKMAN,LANCASTER,68372,HAVEN MANOR HICKMAN,730 LARKSPUR DRIVE,(402) 792-3088,(402) 792-3055,"R & D HOLDINGS, LLC",DAN KUBR,ALF,ALF315,36,AGED/DISABLED MED WVR CER,,
HOLDREGE,PHELPS,68949,CHRISOMA WEST ASSISTED LIVING,1927 W 4TH AVENUE,(308) 995-2086,(308) 995-3995,"CHRISTIAN HOMES, INC.",KENDRA NORTON,ALF,ALF030,60,AGED/DISABLED MED WVR CER; ALZHEIMERS UNIT,,
HOLDREGE,PHELPS,68949,"HOLDREGE MEMORIAL HOMES, INC",1320 11TH AVENUE,(308) 995-8631,(308) 995-8636,"HOLDREGE MEMORIAL HOMES, INC",KEVIN MORIARTY,ALF,ALF110,45,AGED/DISABLED MED WVR CER,,
HUMBOLDT,RICHARDSON,68376,COLONIAL ACRES NURSING HOME/ ASSISTED LIVING,1043 10TH ST,(402) 862-3123,(402) 862-2153,CITY OF HUMBOLDT,ELIZABETH SHARP,ALF,ALF035,18,AGED/DISABLED MED WVR CER,,
IMPERIAL,CHASE,69033,PARKVIEW-HEIGHTS,933 GRANT STREET,(308) 882-5333,(308) 882-4699,CITY OF IMPERIAL,HEATHER SALMON,ALF,ALF208,49,AGED/DISABLED MED WVR CER,,
INAVALE,WEBSTER,68952,"River View Homes, LLC",602 MICHIGAN AVENUE,(402) 746-3267,(402) 746-2734,RIVER VIEW HOMES LLC,CASEY SNELL,ALF,ALF451,41,,"SPRING CREEK HOME, LLC 750 ROAD 500, INAVALE NE 68952",
KEARNEY,BUFFALO,68845,Broadwell Kearney Senior Living,617 22ND AVE,(308) 856-2100,(305) 224-3790,"GCP II KEARNEY SENIOR LIVING, LLC",TWILA KNAGGS,ALF,ALF404,90,,,
KEARNEY,BUFFALO,68845,BROOKESTONE GARDENS,2615 WEST 11TH STREET,(308) 236-0211,(308) 234-1707,"VSL KEARNEY, LLC",ANDREW FUSTON,ALF,ALF381,54,,,
KEARNEY,BUFFALO,68847,CAMBRIDGE COURT,4107 CENTRAL AVENUE,(308) 237-3773,(308) 234-9832,BETHESDA FOUNDATION,CHERYL WHITE,ALF,ALF024,48,AGED/DISABLED MED WVR CER,,
KEARNEY,BUFFALO,68845,GOOD SAMARITAN SOCIETY - PRAIRIE VIEW GARDENS,,(308) 698-2300,(308) 865-2657,THE EVANGELICAL LUTHERAN GOOD SAMARITAN SOCIETY,KENDA MOORE,ALF,ALF137,60,AGED/DISABLED MED WVR CER; ALZHEIMERS UNIT; MEMORY CARE,,
KEARNEY,BUFFALO,68845,HOMESTEAD OF KEARNEY,4205 6TH AVENUE,(308) 234-5600,(308) 236-6663,"MIDWEST HOMESTEAD OF KEARNEY OPERATIONS, LLC",GWEN JACOBITZ,ALF,ALF173,44,AGED/DISABLED MED WVR CER,,
KEARNEY,BUFFALO,68847,"KEARNEY COUNTRYHOUSE, LLC",5605 K AVENUE,(308) 455-8000,(308) 455-4540,"KEARNEY COUNTRYHOUSE, LLC",LISA MCGUIRE,ALF,ALF467,36,ALZHEIMERS UNIT; MEMORY CARE,,
KEARNEY,BUFFALO,68845,KINSHIP POINTE NORTHRIDGE,5410 17TH AVENUE,(308) 698-5410,(308) 698-5157,,JANET GRAHAM,ALF,ALF458,55,AGED/DISABLED MED WVR CER,"KINSHIP POINTE NORTHRIDGE 1240 E INDEPENDENCE ST, STE 200, SPRINGFIELD MO 65804",
KEARNEY,BUFFALO,68847,WEL-LIFE AT KEARNEY,5616 4TH AVENUE,(308) 234-9905,(308) 234-4327,"KISMET EAR-A, LLC",NANCY GRIMES,ALF,ALF188,48,AGED/DISABLED MED WVR CER,,
KIMBALL,KIMBALL,69145,KIMBALL COUNTY MANOR ASSISTED LIVING,810 EAST 7TH STREET,(308) 235-4693,(308) 235-2082,KIMBALL COUNTY MANOR,SARAH STULL,ALF,ALF092,18,AGED/DISABLED MED WVR CER,,
LA VISTA,SARPY,68128,Cedarhurst of La Vista,8140 S 97TH PLAZA,(402) 597-0700,(402) 488-0406,CEDARHURST OF LA VISTA REAL ESTATE LLC,CHRISTIAN KOENIG,ALF,ALF426,156,MEMORY CARE ENDORSEMENT,,
LA VISTA,SARPY,68128,Homestead of La Vista,8507 GRANVILLE PARKWAY,(402) 933-6405,(402) 505-9144,"HOMESTEAD OF LA VISTA OPERATIONS, LLC",ANGELA KIBBE,ALF,ALF393,50,AGED/DISABLED MED WVR CER,"GRANVILLE VILLA ASSISTED LIVING WC-GRANVILLE VILLA OPS, LLC, 303 E WCKER DR, SUITE 2400,",
LEXINGTON,DAWSON,68850,RIDGEWAY SENIOR LIVING,1811 RIDGEWAY DRIVE,(308) 378-3800,(308) 324-1906,,MARIA BARAJAS,ALF,ALF417,53,AGED/DISABLED MED WVR CER,,
LINCOLN,LANCASTER,68516,Assisted Living at Grand Lodge,4400 SOUTH 80TH STREET,(402) 489-8003,(402) 489-9956,,LISA HENNING,ALF,ALF394,16,,,
LINCOLN,LANCASTER,68516,ASSISTED LIVING AT THE LANDING,3500 FAULKNER DRIVE,(402) 420-9355,(402) 420-9535,IMMANUEL RETIREMENT COMMUNITIES,CAROL SCHULTE,ALF,ALF229,60,ALZHEIMERS UNIT; COMPLEX NURSING; MEMORY CARE,"ASSISTED LIVING AT THE LANDING IMMANUEL CHIEF OPERATIONS OFFICER, 1044 N 115TH STREET,",
LINCOLN,LANCASTER,68502,ASTER HILL,2328 A STREET,(402) 475-3854,(402) 475-1228,,LACEE RODRIGUEZ,ALF,ALF405,21,,"ASTER HILL 4603 PRESCOTT AVE, LINCOLN NE 68506",
LINCOLN,LANCASTER,68520,AVIVA WOODLANDS,9421 GABLE PINES ROAD,(402) 261-0261,(531) 500-9044,"LINCOLN 9421 OPCO, LLC",CANDYCE HAYDEN,ALF,ALF401,107,ALZHEIMERS UNIT; MEMORY CARE,,
LINCOLN,LANCASTER,68506,Bailey Pointe on Van Dorn,7208 VAN DORN STREET,(402) 486-0011,(531) 254-5424,WELL NEBRASKA TENANT LLC,CATHERINE HORNER,ALF,ALF421,84,AGED/DISABLED MED WVR CER,,
LINCOLN,LANCASTER,68516,CEDAR CREEK OF HIGH PLAINS,5601 SOUTH 84TH STREET,(402) 483-0250,(402) 718-9325,"HIGH PLAINS MANAGEMENT NE, LLC",THERESA RALL,ALF,ALF347,66,ALZHEIMERS UNIT; MEMORY CARE,"CEDARHURST SENIOR LIVING ATTN: LEGAL DEPARTMENT 300 HUNTER AVE, SUITE 200, SAINT LOUIS MO",
LINCOLN,LANCASTER,68528,COMMUNITY SUPPORTS OF LINCOLN (CSL),2231 WEST O STREET,(402) 466-2688,(402) 476-2022,"COMMUNITY ALTERNATIVES NEBRASKA, INC",BRIDGET WOLD,ALF,ALF342,50,,"COMMUNITY SUPPORTS OF LINCOLN (CSL) COMMUNITY ALTERNATIVES NEBRASKA, 220 OAK CREEK",
LINCOLN,LANCASTER,68521,FALLBROOK ASSISTED LIVING & MEMORY CARE,6600 JULIET COURT,(402) 261-9050,(402) 904-7732,"FALLBROOK ASSISTED LIVING, LLC",KATIE MATHIESEN,ALF,ALF380,131,ALZHEIMERS/SPECIAL CARE U; COMPLEX NURSING; MEMORY CARE,,
LINCOLN,LANCASTER,68504,GATEWAY VISTA,225 NORTH 56TH STREET,(402) 464-6371,(402) 467-0299,"GATEWAY PROPERTIES, INC.",ROBERT HALL,ALF,ALF064,65,AGED/DISABLED MED WVR CER,,
LINCOLN,LANCASTER,68510,GRACEPOINTE ASSISTED LIVING AND MEMORY CARE,4620 RANDOLPH STREET,(402) 484-9888,(402) 484-9887,,NICOLE SUESZ,ALF,ALF340,90,AGED/DISABLED MED WVR CER; ALZHEIMERS UNIT; MEMORY CARE,,
LINCOLN,LANCASTER,68507,HAVELOCK MANOR,6330 PLATTE AVENUE,(402) 464-2222,(402) 464-2225,HAVELOCK HOLDINGS LLC,JANINE STEARNS - PETRACEK,ALF,ALF335,25,AGED/DISABLED MED WVR CER,"HAVELOCK MANOR ATTN: GEANINE BORDOGNA, 5301 CONCORD ROAD, LINCOLN NE 68507",
LINCOLN,LANCASTER,68512,KNOLLS SENIOR LIVING,5801 NORMAN ROAD,(402) 264-7864,(402) 742-6699,KNOLLS ASSISTED LIVING LP,MEGAN PECK,ALF,ALF376,239,ALZHEIMERS/SPECIAL CARE U; MEMORY CARE,,
LINCOLN,LANCASTER,68506,LEGACY ESTATES,7202 VAN DORN STREET,(402) 484-8888,(402) 434-0942,LEGACY ESTATES LIMITED PARTNERSHIP,JAY BOHLKEN,ALF,ALF282,50,AGED/DISABLED MED WVR CER,,
LINCOLN,LANCASTER,68507,LEGACY TERRACE,5700 FREMONT STREET,(402) 464-5700,(402) 464-5825,"LEGACY TERRACE, L.P.",JOHN KOPETZKY,ALF,ALF096,70,AGED/DISABLED MED WVR CER,,
LINCOLN,LANCASTER,68510,LIFEBROOK BY EASTMONT,6315 O STREET,(402) 489-6591,(402) 486-2475,"CHRISTIAN RETIREMENT HOMES, INC",JACQUE MOSS,ALF,ALF386,12,,,
LINCOLN,LANCASTER,68516,LINCOLN BICKFORD COTTAGE L.L.C.,,(402) 420-6058,(402) 420-6073,"LINCOLN BICKFORD COTTAGE, LLC",ANGIE NUTTER,ALF,ALF098,54,AGED/DISABLED MED WVR CER; ALZHEIMERS UNIT,"LINCOLN BICKFORD COTTAGE LLC ATTN: ADMINISTRATOR, 13795 SOUTH MUR-LEN ROAD #301, OLATHE",
LINCOLN,LANCASTER,68516,"LINCOLN COUNTRYHOUSE II, LLC",6616 S 84TH STREET,(402) 421-1300,(402) 488-0406,"LINCOLN COUNTRYHOUSE II, LLC",KATHERINE SULLIVAN,ALF,ALF465,35,ALZHEIMERS UNIT; MEMORY CARE,,
LINCOLN,LANCASTER,68510,"LINCOLN COUNTRYHOUSE III, LLC",240 SOUTH 70TH STREET,(402) 421-2200,(531) 289-1494,"LINCOLN COUNTRYHOUSE III,,LLC",ELIZABETH MORALES,ALF,ALF469,45,AGED/DISABLED MED WVR CER; ALZHEIMERS UNIT; MEMORY CARE,,
LINCOLN,LANCASTER,68512,"LINCOLN COUNTRYHOUSE, LLC",5720 SOUTH 25TH STREET,(402) 421-1160,(402) 421-1170,"LINCOLN COUNTRHOUSE, LLC",MICHELLE CONNOT,ALF,ALF468,35,ALZHEIMERS UNIT; MEMORY CARE,,
LINCOLN,LANCASTER,68503,O.U.R. HOMES,2445 R STREET,(402) 474-4922,(402) 474-4923,,SHELLEY HEPBURN,ALF,ALF116,244,AGED/DISABLED MED WVR CER,,
LINCOLN,LANCASTER,68506,ORCHARD PARK,3110 SOUTH 48TH STREET,(402) 488-8191,(402) 483-2931,"ORCHARD PARK, INC",GAYLEEN BRADLEY,ALF,ALF123,50,AGED/DISABLED MED WVR CER,,
LINCOLN,LANCASTER,68516,PEMBERLY PLACE SENIOR LIVING,,(402) 413-9770,(531) 500-5991,"PEMBERLY PLACE MANAGEMENT, LLC",TRACY MAGILL,ALF,ALF377,140,ALZHEIMERS/SPECIAL CARE U; COMPLEX NURSING; MEMORY CARE,,
LINCOLN,LANCASTER,68506,PRESCOTT PLACE,4603 PRESCOTT AVENUE,(402) 483-4086,(402) 483-4124,HOPE PARK CORPORATION,CARLA ROOT,ALF,ALF414,24,,,
LINCOLN,LANCASTER,68504,Salt Creek Senior Living,7360 HUSKER CIRCLE,(531) 278-8965,(531) 278-8966,SALT CREEK SENIOR LIVING LP,EMILY BALS,ALF,ALF454,143,ALZHEIMERS UNIT,,
LINCOLN,LANCASTER,68507,THE ARBORS,3777 NORTH 58TH STREET,(402) 466-3777,(402) 466-3797,"LEGACY TERRACE II, L.P.",RENEE PICKEREL,ALF,ALF299,40,AGED/DISABLED MED WVR CER; ALZHEIMERS UNIT; MEMORY CARE,,
LINCOLN,LANCASTER,68521,THE GRACE SPACE,1740 SUPERIOR STREET,(402) 356-5885,(402) 356-5884,,KELLY SPARR,ALF,ALF448,16,,,
LINCOLN,LANCASTER,68506,The Harbor Senior Care At Calvert,,(402) 261-0484,(402) 206-0150,THE HARBOR SENIOR CARE LLC,KATIE HARTMAN,ALF,ALF450,12,ALZHEIMERS UNIT,,
LINCOLN,LANCASTER,68520,THE HARBOR SENIOR CARE AT PINEDALE,8421 PINEDALE COURT,(402) 261-0484,(402) 206-0150,THE HARBOR SENIOR CARE LLC,KATIE HARTMAN,ALF,ALF415,6,ALZHEIMERS UNIT,"THE HARBOR SENIOR CARE 3101 N. 177TH ST, OMAHA NE 68116",
LINCOLN,LANCASTER,68501,THE INDEPENDENCE HOUSE AT CODDINGTON,"PO BOX 85321, 5500 S CODDINGTON AVE",(402) 475-7755,(402) 474-2391,EMERALD CARE COMPANY,BRANDY HIGGINS,ALF,ALF312,16,AGED/DISABLED MED WVR CER; ALZHEIMERS UNIT; MEMORY CARE,"THE INDEPENDENCE HOUSE AT CODDINGTON EMERALD CARE COMPANY, PO BOX 85321, LINCOLN NE",
LINCOLN,LANCASTER,68516,THE INDEPENDENCE HOUSE AT MANDARIN,"PO BOX 85321, 4610 MANDARIN CIRCLE",(402) 475-7755,(402) 474-2391,EMERALD CARE COMPANY,BRANDY HIGGINS,ALF,ALF251,32,AGED/DISABLED MED WVR CER; ALZHEIMERS UNIT; MEMORY CARE,"THE INDEPENDENCE HOUSE AT MANDARIN EMERALD CARE CO, PO BOX 85321, LINCOLN NE 68501",
LINCOLN,LANCASTER,68521,THE INDEPENDENCE HOUSE AT NORTHVIEW,2355 SUPERIOR STREET,(402) 475-7755,(402) 474-2391,EMERALD CARE COMPANY,BRANDY HIGGINS,ALF,ALF332,40,AGED/DISABLED MED WVR CER; ALZHEIMERS UNIT; MEMORY CARE,"THE INDEPENDENCE HOUSE AT NORTHVIEW EMERALD CARE CO, 131 NW 14TH ST., SUITE 5, LINCOLN NE",
LINCOLN,LANCASTER,68506,THE LEGACY,5600 PIONEERS BLVD,(402) 436-3000,(402) 436-3013,THE LEGACY LIMITED PARTNERSHIP LTD,LARRY GADEKEN,ALF,ALF174,50,AGED/DISABLED MED WVR CER,,
LINCOLN,LANCASTER,68506,THE LEXINGTON ASSISTED LIVING CENTER,5550 PIONEERS BOULEVARD,(402) 486-4400,(402) 486-4441,"THE LINCOLN ALF, LTD",STACEY GREENFIELD,ALF,ALF226,104,AGED/DISABLED MED WVR CER,,
LINCOLN,LANCASTER,68510,THE RESIDENCE AT GRAMERCY,6800 A STREET,(402) 483-1010,(402) 483-2197,"LINCOLN IL/AL, LLC",JEFFREY HARVEY,ALF,ALF071,130,AGED/DISABLED MED WVR CER,,
LINCOLN,LANCASTER,68510,THE SEASONS,6315 O STREET,(402) 489-6591,(402) 484-4711,"CHRISTIAN RETIREMENT HOMES, INC",JACQUE MOSS,ALF,ALF209,49,AGED/DISABLED MED WVR CER,,
LINCOLN,LANCASTER,68516,THE WATERFORD AT WILDERNESS HILLS MEMORY CARE,8939 KEYSTONE DRIVE,(402) 421-8105,(402) 421-8106,,JURA MICHAEL,ALF,ALF344,16,ALZHEIMERS UNIT; MEMORY CARE,,
LINCOLN,LANCASTER,68516,THE WATERFORD AT WILLIAMSBURG,3940 PINE LAKE ROAD,(402) 423-0000,(402) 423-1601,"THE WATERFORD GROUP, INC.",JURA MICHAEL,ALF,ALF183,44,AGED/DISABLED MED WVR CER,,
LINCOLN,LANCASTER,68516,"THE WATERFORD CARE FACILITY COLLEGE VIEW, INC",4800 SOUTH 48TH STREET,(402) 434-2680,(402) 434-2683,THE WATERFORD CARE FACILITY COLLEGE VIEW INC,MELISSA VANDELOO,ALF,ALF076,56,AGED/DISABLED MED WVR CER; ALZHEIMERS UNIT,"THE WATERFORD CARE FACILITY COLLEGE VIEW, INC THE WATERFORD COLLEGE VIEW, 1901 SW 5TH",
LINCOLN,LANCASTER,68516,YANKEE HILL VILLAGE,8401 SOUTH 33RD STREET,(402) 489-0331,(402) 489-0462,,MELISSA RYAN,ALF,ALF308,90,ALZHEIMERS UNIT; COMPLEX NURSING; MEMORY CARE,"YANKEE HILL VILLAGE CHIEF OPERATIONS OFFICER, IMMANUEL, 1044 N 115TH STREET, SUITE 500,",
LOUISVILLE,CASS,68037,Nye Summit,410 WEST 5TH STREET,(402) 234-2125,(402) 234-2127,"NYE LOUISVILLE, LLC",BRITANY KNISPEL,ALF,ALF477,26,AGED/DISABLED MED WVR CER,,
MCCOOK,RED WILLOW,69001,HIDDEN PINES ASSISTED LIVING,309 WEST 7TH STREET,(308) 345-4600,(308) 777-2012,RED WILLOW COUNTY,RENEE WRIGHT,ALF,ALF081,14,AGED/DISABLED MED WVR CER,,
MCCOOK,RED WILLOW,69001,"HIGHLAND PARK RETIREMENT COMMUNITY, INC","PO BOX 1011, 610 EAST 14TH STREET",(308) 345-7757,(308) 345-4281,"HIGHLAND PARK RETIREMENT COMMUNITY, INC",MIKA LENTZ,ALF,ALF343,30,,,
MCCOOK,RED WILLOW,69001,KINSHIP POINTE AT MCCOOK,1500 EAST,(308) 345-2100,(308) 345-6885,,JANET GRAHAM,ALF,ALF459,40,AGED/DISABLED MED WVR CER,"KINSHIP POINTE AT MCCOOK 1240 E INDEPENDENCE ST, STE 200, SPRINGFIELD MO 65804",
MINDEN,KEARNEY,68959,"BETHANY HOME, INC",515 WEST 1ST STREET,(308) 832-1594,(308) 832-0662,"BETHANY HOME, INC.",ROBERT TANK,ALF,ALF010,75,AGED/DISABLED MED WVR CER,,
MITCHELL,SCOTTS BLUFF,69357,MITCHELL CARE CENTER,1717 23RD STREET,(308) 623-1212,(308) 623-2052,CITY OF MITCHELL,LAUREN ESQUIVEL,ALF,ALF266,16,AGED/DISABLED MED WVR CER,,
NEBRASKA CITY,OTOE,68410,MORTON SENIOR LIVING,1500 14TH AVENUE,(402) 873-5551,(402) 873-5994,"NEBRASKA CITY AL, LLC",FELISHA JAMES,ALF,ALF443,37,ALZHEIMERS UNIT,,
NEBRASKA CITY,OTOE,68410,THE AMBASSADOR NEBRASKA CITY ASSISTED LIVING,1800 14TH AVENUE,(402) 873-6650,(402) 873-6621,THE AMBASSADOR HOLDING COMPANY,LORETTA PAUL-ALLEN,ALF,ALF168,22,AGED/DISABLED MED WVR CER,,
NELIGH,ANTELOPE,68756,THE WILLOWS ASSISTED LIVING,806 S STREET,(402) 887-9059,(402) 887-5450,"THE WILLOWS, LLC",JAYNE PRINCE,ALF,ALF199,32,AGED/DISABLED MED WVR CER,,
NEWMAN GROVE,MADISON,68758,THE NEWMAN HOUSE (ASSISTED LIVING AT MID-NEBRASK,109 N 2ND STREET,(402) 447-6203,(402) 447-6363,"MID-NEBRASKA LUTHERAN HOME ASSOCIATION, INC",EUGENE SARNIAK,ALF,ALF271,21,AGED/DISABLED MED WVR CER,"THE NEWMAN HOUSE (AL AT MIDWEST NE LUTHERAN HOME) MID-NEBRASKA LUTHERAN HOME, 109 N",
NORFOLK,MADISON,68701,"EDGEWOOD NORFOLK SENIOR LIVING, LLC",1109 PASEWALK AVE,(402) 371-0052,(402) 371-0053,"EDGEWOOD NORFOLK SENIOR LIVING, LLC",MIRANDA KILCOIN,ALF,ALF058,16,AGED/DISABLED MED WVR CER; ALZHEIMERS UNIT; MEMORY CARE,"ERICA KALIS EDGEWOOD NORFOLK SENIOR LIVING, LLC, 322 DEMERS AVE, STE 500, PO BOX 13238,",
NORFOLK,MADISON,68701,HOMESTEAD OF NORFOLK,3614 KOENIGSTEIN AVE,(402) 379-9622,(402) 379-4794,"MIDWEST HOMESTEAD OF NORFOLK OPERATIONS, LLC",RHONDA THOMPSON,ALF,ALF177,40,AGED/DISABLED MED WVR CER,,
NORFOLK,MADISON,68701,MADISON HOUSE,1120 NORTH 1ST STREET,(402) 644-4567,(402) 644-8111,OXFORD NEBRASKA CAPITAL LLC,MIRIAM WALL,ALF,ALF397,46,AGED/DISABLED MED WVR CER,,
NORFOLK,MADISON,68701,SKYVIEW VILLA ASSISTED LIVING,210 HARRIS DRIVE,(402) 371-5269,(402) 644-7386,RAVENSCROFT HEALTHCARE LLC,BLAKE MILLER,ALF,ALF455,20,AGED/DISABLED MED WVR CER,"SAINT JOSEPH'S REHAB & CARE CENTER SKYVIEW VILLA, 401 NORTH 18TH STREET, NORFOLK NE 68701",
NORFOLK,MADISON,68701,The Heritage At Fountain Point,3725 WEST MADISON AVENUE,(402) 758-9000,(402) 316-7844,"THE HERITAGE AT FOUNTAIN POINT OPERATING, LLC",SARAH POTTS,ALF,ALF388,130,ALZHEIMERS UNIT,"THE HERITAGE AT FOUNTAIN POINT 16934 FRANCIS STREET, SUITE 200, OMAHA NE 68130",
NORFOLK,MADISON,68701,"THE MEADOWS, INC.",500 SOUTH 18TH STREET,(402) 371-1730,(402) 644-4702,"NYE MEADOWS, INC",CHRISTY LEE,ALF,ALF176,78,AGED/DISABLED MED WVR CER; ALZHEIMERS UNIT; MEMORY CARE,"NYE MEADOWS, INC. 2230 N SOMERS, FREMONT NE 68025",
NORTH PLATTE,LINCOLN,69101,Accura HealthCare of North Platte,2895 WEST E STREET,(308) 534-1900,(308) 534-6477,"ACCURA HEALTHCARE OF NORTH PLATTE, LLC",KRISTIN ARROWSMITH-SKILES,ALF,ALF471,59,AGED/DISABLED MED WVR CER,,
NORTH PLATTE,LINCOLN,69101,LIBERTY HOUSE,420 WEST FOURTH ST,(308) 534-1796,(308) 534-7884,"PINKERTON ENTERPRISES NORTH PLATTE, INC",STEPHANIE FISHER,ALF,ALF283,50,AGED/DISABLED MED WVR CER,"LIBERTY HOUSE JOHN PINKERTON, 5919 MAPLE STREET, OMAHA NE 68104",
NORTH PLATTE,LINCOLN,69101,LINDEN ESTATES,3700 WEST PHILIP AVE,(308) 534-8808,(308) 534-8818,"VSL NORTH PLATTE ESTATES, LLC",GALEANA HUGGENBERGER,ALF,ALF029,57,AGED/DISABLED MED WVR CER,,
NORTH PLATTE,LINCOLN,69101,THE MAPLES AT CENTENNIAL,510 CENTENNIAL CIRCLE,(308) 534-7000,(308) 534-8216,THE MAPLES AT CENTENNIAL LLC,JOHANNA HEINIS,ALF,ALF439,57,AGED/DISABLED MED WVR CER,"CENTENNIAL PARK RETIREMENT VILLAGE, LTD FIVE STAR QUALITY CARE, ATTN: LICENSING, 400 CENTRE",
O' NEILL,HOLT,68763,COUNTRY LANE RETIREMENT VILLAGE,1203 EAST HYNES AVE,(402) 961-1358,(402) 961-1356,,KYLIE DEBUS,ALF,ALF373,30,AGED/DISABLED MED WVR CER; ALZHEIMERS/SPECIAL; MEMORY CARE,,
O' NEILL,HOLT,68763,THE EVERGREEN,,(402) 336-4100,(402) 336-4114,SANDHILLS INVESTORS LLC,DEE FRITZ,ALF,ALF221,60,AGED/DISABLED MED WVR CER,,
OAKLAND,BURT,68045,OAKLAND HEIGHTS ASSISTED LIVING,207 S ENGDAHL AVENUE,(402) 685-5524,(402) 685-5684,,JOSHUA YEUTTER,ALF,ALF119,24,AGED/DISABLED MED WVR CER,,
OGALLALA,KEITH,69153,WEL-LIFE AT OGALLALA,,(308) 284-2620,(308) 284-0929,"KISMET OGA-A, LLC",CHAD BOS,ALF,ALF189,34,AGED/DISABLED MED WVR CER,,
OMAHA,DOUGLAS,68106,Aksarben Village Phase II,1440 S 70TH STREET,(402) 810-9440,(402) 810-9446,"AKSARBEN SENIOR LIVING, LP",COLLEEN JONES,ALF,ALF463,65,,,
OMAHA,DOUGLAS,68106,AKSARBEN VILLAGE SENIOR LIVING COMMUNITY,1330 SOUTH 70TH STREET,(402) 810-9440,(402) 810-9446,,COLLEEN JONES,ALF,ALF364,105,AGED/DISABLED MED WVR CER; ALZHEIMERS UNIT; MEMORY CARE,"AKSARBEN VILLAGE SENIOR LIVING COMMUNITY 11506 NICHOLAS STREET, SUITE100, OMAHA NE 68154",
OMAHA,DOUGLAS,68114,AN ANGEL'S TOUCH,1113 NORTH 85TH STREET,(402) 397-9597,(402) 397-3435,,NICOLE BURKS,ALF,ALF424,8,ALZHEIMERS UNIT; MEMORY CARE,"CHAD ALLINGTON AN ANGEL'S TOUCH, PO BOX 540845, OMAHA NE 68154",
OMAHA,DOUGLAS,68154,AN ANGEL'S TOUCH,11405 FARNAM CIRCLE,(402) 697-0033,(402) 697-1311,,NICOLE BURKS,ALF,ALF425,8,ALZHEIMERS UNIT; MEMORY CARE,"CHAD ALLINGTON AN ANGEL'S TOUCH, PO BOX 540845, OMAHA NE 68154",
OMAHA,DOUGLAS,68114,AN ANGEL'S TOUCH,340 NORTH 93RD STREET,(402) 359-1242,(402) 401-6153,,NICOLE BURKS,ALF,ALF423,8,ALZHEIMERS UNIT; MEMORY CARE,,
OMAHA,DOUGLAS,68152,ASSISTED LIVING AT IMMANUEL COURTYARD,6759 NEWPORT AVENUE,(402) 829-2990,(402) 829-2940,"IMMANUEL AFFORDABLE II, INC",JINAE HELDMANN,ALF,ALF273,74,AGED/DISABLED MED WVR CER,"ASSISTED LIVING AT IMMANUEL COURTYARD IMMANUEL CHIEF OPERATIONS OFFICER, 1044 N 115TH",
OMAHA,DOUGLAS,68152,ASSISTED LIVING AT IMMANUEL VILLAGE,6801 NORTH 67TH PLAZA,(402) 829-3240,(402) 829-3245,IMMANUEL RETIREMENT COMMUNITIES,MICHELLE DIAZ,ALF,ALF087,42,COMPLEX NURSING INTERVENT,"ASSISTED LIVING AT IMMANUEL VILLAGE IMMANUEL CHIEF OPERATIONS OFFICER, 1044 N 115TH STREET,",
OMAHA,DOUGLAS,68130,ASSISTED LIVING AT LAKESIDE,17475 FRANCES STREET,(402) 829-9020,(402) 829-9021,IMMANUEL RETIREMENT COMMUNITIES,BRODY CHANDLER,ALF,ALF086,78,ALZHEIMERS UNIT; COMPLEX NURSING; MEMORY CARE,"ASSISTED LIVING AT LAKESIDE VILLAGE IMMANUEL CHIEF OPERATIONS OFFICER, 1044 N 115 STREET,",
OMAHA,DOUGLAS,68118,ASSISTED LIVING AT PACIFIC SPRINGS,808 SOUTH 173RD COURT,(402) 829-3288,(402) 829-5033,IMMANUEL RETIREMENT COMMUNITIES,DUSTIN STRICKLETT,ALF,ALF360,60,ALZHEIMERS UNIT; COMPLEX NURSING; MEMORY CARE,"ASSISTED LIVING AT PACIFIC SPRINGS VILLAGE IMMANUEL CHIEF OPERATIONS OFFICER, 1044 N 115TH",
OMAHA,DOUGLAS,68114,Astoria Senior Living,9220 WESTERN AVENUE,(402) 393-7313,(402) 393-7340,"WESTERN AVENUE SENIOR LIVING OPCO, LLC",JANET OSORO,ALF,ALF431,121,AGED/DISABLED MED WVR CER; ALZHEIMERS UNIT; MEMORY CARE,,
OMAHA,DOUGLAS,68154,Bailey Pointe at Miracle Hills,11909 MIRACLE HILLS DRIVE,(402) 431-0011,(402) 431-9257,WELL NEBRASKA TENANT LLC,JESSICA GLOVER,ALF,ALF422,70,AGED/DISABLED MED WVR CER,,
OMAHA,DOUGLAS,68137,Bailey Pointe at Roxbury Park,5728 SOUTH 108TH STREET,(402) 537-0544,(402) 593-8010,WELL NEBRASKA TENANT LLC,DOUGLAS WILLIAMS,ALF,ALF420,75,AGED/DISABLED MED WVR CER,,
OMAHA,DOUGLAS,68111,BRIDGING HANDS II,3368 GRAND AVENUE,(402) 451-2334,(531) 600-6268,"BRIDGING HANDS, LLC",NAKIA VASSER-BRYE,ALF,ALF379,8,,,
OMAHA,DOUGLAS,68104,BRIDGING HANDS LLC,4548 BEDFORD AVENUE,(402) 506-4769,(531) 600-6268,"BRIDGING HANDS, LLC",NAKIA VASSER-BRYE,ALF,ALF365,8,,,
OMAHA,DOUGLAS,68164,CEDAR CREEK OF PRAIRIE MEADOWS,13208 MEREDITH AVENUE,(402) 391-2790,(402) 391-2873,"PRAIRIE MEADOWS MANAGEMENT NE, LLC",LINDSEY PIHLGREN,ALF,ALF348,66,ALZHEIMERS UNIT; MEMORY CARE,,
OMAHA,DOUGLAS,68114,"COMPASSIONATE MEMORY CARE 2, INC",407 SOUTH 86TH STREET,(402) 612-6789,(402) 390-9070,,JACQUELINE ROSS,ALF,ALF330,8,AGED/DISABLED MED WVR CER; ALZHEIMERS UNIT; MEMORY CARE,"COMPASSIONATE MEMORY CARE 2, INC 14805 DAYTON STREET, OMAHA NE 68137",
OMAHA,SARPY,68138,Echo Hills Assisted Living And Memory Care,14509 ECHO HILLS DRIVE,(531) 721-2500,(531) 721-2152,,MINDY CURINGTON,ALF,ALF398,152,ALZHEIMERS UNIT; COMPLEX NURSING,,
OMAHA,DOUGLAS,68130,"EDGEWOOD OMAHA SENIOR LIVING, LLC",17620 POPPLETON AVENUE,(402) 333-5749,(402) 697-3998,"EDGEWOOD OMAHA SENIOR LIVING, LLC",AAYANA RILEY,ALF,ALF201,16,AGED/DISABLED MED WVR CER; ALZHEIMERS UNIT; MEMORY CARE,"ERICA KALIS EDGEWOOD OMAHA SENIOR LIVING, LLC, 322 DEMERS AVE, STE500, GRAND FORKS ND",
OMAHA,DOUGLAS,68116,ESPRIT OF WHISPERING RIDGE OMAHA,17555 EMMET STREET,(402) 932-7300,(402) 932-7303,,CYNTHIA SWANDA,ALF,ALF345,130,ALZHEIMERS UNIT; MEMORY CARE,"ESPRIT OF WHISPERING RIDGE OMAHA 17555 EMMET STREET, OMAHA NE 68116",
OMAHA,DOUGLAS,68111,"EWK, INC - KELLY HOUSE SUPPORTIVE HOUSING",1720 NORTH 40TH STREET,(402) 991-3057,(402) 991-3057,"EDWARD AND WILLA KELLY COMMUNITY COLLABORATIVE, IN",MICHAEL HANSON,ALF,ALF416,16,,,
OMAHA,DOUGLAS,68137,FOUNTAIN VIEW ASSISTED LIVING & SPECIAL MEMORY CA,5710 SOUTH 108TH STREET,(402) 819-4443,(402) 614-0920,"GAHC3 OMAHA NE ALF TRS SUB, LLC",CAROLINE JULIANO,ALF,ALF292,75,ALZHEIMERS UNIT; MEMORY CARE,,
OMAHA,DOUGLAS,68111,GOLDEN MANOR ASSISTED LIVING,3853 DECATUR STREET,(402) 551-2484,(402) 551-1114,RACHEL R. PINKERTON/JOHN L. PINKERTON,CHARLENE GRAML,ALF,ALF067,49,,"JOHN PINKERTON GOLDEN MANOR ASSISTED LIVING, 5919 MAPLE STREET, OMAHA NE 68104",
OMAHA,DOUGLAS,68116,HERITAGE POINTE ASSISTED LIVING,16811 BURDETTE STREET,(402) 614-5222,(402) 934-1680,"HERITAGE POINTE OPERATING, LLC",CRYSTAL DOUGLAS,ALF,ALF318,128,AGED/DISABLED MED WVR CER; ALZHEIMERS UNIT; MEMORY CARE,"HERITAGE POINTE ASSISTED LIVING HERITAGE MANAGEMENT SERVICES, 16934 FRANCES ST, STE 200,",
OMAHA,DOUGLAS,68124,HICKORY VILLA,7315 HICKORY STREET,(402) 392-0767,(402) 392-2371,BETHESDA FOUNDATION,TAWNY MCWILLIAMS,ALF,ALF080,60,AGED/DISABLED MED WVR CER,,
OMAHA,DOUGLAS,68134,KEYSTONE VILLAS SENIOR LIVING,7350 GRACELAND DRIVE,(402) 572-5750,(402) 572-5777,"GRACELAND SENIOR LIVING, INC",THERESA TAFT,ALF,ALF158,68,AGED/DISABLED MED WVR CER,"KEYSTONE VILLA SENIOR LIVING 1600 W BROADWAY RD, STE 100, TEMPE AZ 85282",
OMAHA,DOUGLAS,68114,Legato Living At Indian Hills,8504 DOUGLAS STREET,(402) 957-3991,(402) 792-6377,"TCO OPERATIONS, LLC",SYMIDAHL OKEREKE,ALF,ALF464,9,ALZHEIMERS UNIT,,
OMAHA,DOUGLAS,68130,LEGATO LIVING AT LEGACY,2315 SOUTH 168TH STREET,(402) 445-4474,(402) 932-0492,SAGAR ENTERPRISES LLC,ANDY SINGH,ALF,ALF435,12,ALZHEIMERS UNIT; COMPLEX NURSING; MEMORY CARE,,
OMAHA,DOUGLAS,68134,LEGATO LIVING ON EASTRIDGE,4503 EASTRIDGE DRIVE,(402) 445-0660,(402) 932-0492,SAGAR ENTERPRISES LLC,ANDY SINGH,ALF,ALF434,9,ALZHEIMERS UNIT; COMPLEX NURSING; MEMORY CARE,"LEGATO LIVING 2315 S 168TH STREET, OMAHA NE 68130",
OMAHA,DOUGLAS,68114,NEW CASSEL RETIREMENT CENTER,900 NORTH 90TH STREET,(402) 393-2277,(402) 393-3784,"NEW CASSEL, INC.",TRACY LICHTI,ALF,ALF112,276,AGED/DISABLED MED WVR CER,,
OMAHA,DOUGLAS,68137,"Omaha Countryhouse, LLC",5030 SOUTH 155TH STREET,(402) 964-2060,(402) 504-9595,"OMAHA COUNTRYHOUSE, LLC",TRISHA RIDDLE,ALF,ALF466,40,ALZHEIMERS UNIT; MEMORY CARE,,
OMAHA,DOUGLAS,68164,OMAHA I BICKFORD COTTAGE,,(402) 491-0400,(402) 445-2414,"OMAHA I BICKFORD COTTAGE, L.L.C.",IRMA SALAS,ALF,ALF166,58,AGED/DISABLED MED WVR CER; ALZHEIMERS UNIT; MEMORY CARE,"OMAHA 1 BICKFORD COTTAGE ATTN: ADMINISTRATOR, 13795 S. MUR-LEN ROAD #301, OLATHE KS 66062",
OMAHA,DOUGLAS,68124,OMAHA II BICKFORD COTTAGE LLC,,(402) 391-3000,(402) 391-0504,OMAHA II BICKFORD COTTAGE L.L.C.,ELIZABETH VON SEGGERN,ALF,ALF121,44,AGED/DISABLED MED WVR CER,"OMAHA II BICKFORD COTTAGE ATTN: ADMINISTRATOR, 13795 S. MUR-LEN ROAD #301, OLATHE KS 66062",
OMAHA,DOUGLAS,68105,OMAHA SUPPORTIVE LIVING,,(402) 346-6585,(402) 345-1539,514-524 SOUTH 38TH AVENUE,OLIVER MBA,ALF,ALF122,48,,,
OMAHA,DOUGLAS,68111,OPERATION FIRST STEP,2427 SPENCER STREET,(402) 639-1512,(402) 614-1021,,WINZETTA PERRY,ALF,ALF392,5,,"OPERATION FIRST STEP 2509 SPENCER STREET, OMAHA NE 68111",
OMAHA,DOUGLAS,68154,Ovation Heartwood Llc,470 MAXWELL PLAZA,(402) 999-7900,(402) 268-1555,OVATION HEARTWOOD LLC,COLLETTE MIERES,ALF,ALF407,195,ALZHEIMERS UNIT,"OVATION HEARTWOOD LLC 25117 SW PARKWAY SUITE F, WILSONVILLE OR 97070",
OMAHA,DOUGLAS,68164,PARSONS HOUSE ASSISTED LIVING AND MEMORY CARE,14325 EAGLE RUN DRIVE,(402) 498-9554,(402) 498-8768,"GEN3 HOLDINGS, LLC",HEATHER HERZBERG,ALF,ALF129,180,AGED/DISABLED MED WVR CER; ALZHEIMERS UNIT; MEMORY CARE; COMPLEX NURSING,,
OMAHA,DOUGLAS,68104,QUALITY LIVING INC - LIED ASSISTED LIVING,6405 NORTH 70TH PLAZA,(402) 573-3700,(402) 573-3790,"QUALITY LIVING, INC.",TINASHE MAHUPETE,ALF,ALF144,52,AGED/DISABLED MED WVR CER,,
OMAHA,DOUGLAS,68154,REMINGTON HEIGHTS,12606 WEST DODGE ROAD,(402) 493-5807,(402) 493-3967,REMINGTON HEIGHTS RETIREMENT INVESTORS LLC,GARY EBY,ALF,ALF147,79,,,
OMAHA,DOUGLAS,68104,ROYALE OAKS / HOUSE OF HOPE ALZHEIMER'S CARE,4801 NORTH 52ND STREET,(402) 557-6861,(402) 827-6065,,DOLORES CLARKE,ALF,ALF150,140,AGED/DISABLED MED WVR CER; ALZHEIMERS UNIT; MEMORY CARE,,
OMAHA,DOUGLAS,68117,SOUTHVIEW HEIGHTS,5110 SOUTH 49TH STREET,(402) 731-2118,(402) 733-0782,,RAYMOND QUINN,ALF,ALF430,70,AGED/DISABLED MED WVR CER,,
OMAHA,DOUGLAS,68108,ST. JOSEPH TOWER ASSISTED LIVING,2205 SOUTH 10TH STREET,(402) 952-5000,(402) 952-5117,ST. JOSEPH TERRACE APARTMENTS LLC,SHERRY BUTLER,ALF,ALF162,110,AGED/DISABLED MED WVR CER,,
OMAHA,SARPY,68136,The Brant At Gretna,6991 S 178TH PLAZA,(402) 819-0669,(402) 502-2739,,KATIE NICODEMUS,ALF,ALF427,86,ALZHEIMERS UNIT,,
OMAHA,DOUGLAS,68130,THE HERITAGE AT LEGACY,2961 SOUTH 169 PLAZA,(402) 934-2999,(402) 800-3000,HERITAGE AT LEGACY OPERATING LLC,CRYSTAL DOUGLAS,ALF,ALF367,135,ALZHEIMERS UNIT; MEMORY CARE,"THE HERITAGE AT LEGACY 16934 FRANCES ST, STE 200, OMAHA NE 68130",
OMAHA,DOUGLAS,68144,THE HERITAGE AT STERLING RIDGE,1111 STERLING RIDGE DRIVE,(402) 504-3111,(402) 933-0434,HERITAGE AT STERLING RIDGE OPERATING LLC,SARAH GEBHARDT,ALF,ALF358,135,ALZHEIMERS UNIT; MEMORY CARE,"THE HERITAGE AT STERLING RIDGE 16934 FRANCES ST, STE 200, OMAHA NE 68130",
OMAHA,DOUGLAS,68124,THE VILLA AT CROWN POINTE,2820 SOUTH 80TH STREET,(402) 391-7555,(402) 391-8203,"VENTAS CROWN POINTE OPCO, LLC",TODD MILBRANDT,ALF,ALF337,142,ALZHEIMERS UNIT; MEMORY CARE,,
OMAHA,DOUGLAS,68124,WESTGATE ASSISTED LIVING,3030 SOUTH 80TH STREET,(402) 391-8566,(402) 391-1033,SNH NEB TENANT LLC,VERLYNN WINNICKI,ALF,ALF050,80,,"WESTGATE ASSISTED LIVING FIVE STAR QUALITY CARE ATTN: LICENSING, 400 CENTRE STREET,",
ORD,VALLEY,68862,GRANDVIEW ASSISTED LIVING FACILITY,827 NORTH 19TH STREET,(308) 728-3967,(308) 728-7958,"GRAND LIVING ALTERNATIVES, INC.",MEGAN GOTSCHALL,ALF,ALF213,50,AGED/DISABLED MED WVR CER,,
OSCEOLA,POLK,68651,GOOD SAMARITAN SOCIETY - RIDGEVIEW HEIGHTS,631 RIDGE STREET,(402) 747-2273,(402) 747-3951,THE EVANGELICAL LUTHERAN GOOD SAMARITAN SOCIETY,KELLY CROWDELL,ALF,ALF272,13,AGED/DISABLED MED WVR CER,,
PAPILLION,SARPY,68046,ASSISTED LIVING AT TRINITY VILLAGE,522 WEST LINCOLN STREET,(402) 614-5500,(402) 614-5503,IMMANUEL RETIREMENT COMMUNITIES,LYNDSY ENGEL,ALF,ALF088,35,AGED/DISABLED MED WVR CER; COMPLEX NURSING,"ASSISTED LIVING AT TRINITY VILLAGE IMMANUEL CHIEF OPERATIONS OFFICER, 1044 N 115TH STREET,",
PAPILLION,SARPY,68133,HILLCREST GRAND LODGE ASSISTED LIVING,6021 GRAND LODGE AVENUE,(402) 885-7100,(402) 885-7101,HILLCREST GRAND LODGE LLC,DEBRA VON ASWEGE MENZENBERG,ALF,ALF361,75,ALZHEIMERS UNIT; MEMORY CARE,"HILLCREST GRAND LODGE ASSISTED LIVING 1902 HARLAN DRIVE, SUITE A, BELLEVUE NE 68005",
PAPILLION,SARPY,68046,MILES MEMORY CARE,1425 GRANDVIEW AVE,(402) 593-5496,(402) 593-5489,,REBECCA MILES,ALF,ALF391,16,ALZHEIMERS UNIT; MEMORY CARE,,
PAPILLION,SARPY,68046,Miles Memory Care,1423 GRANDVIEW AVENUE,(402) 593-5496,(531) 359-0832,,REBECCA MILES,ALF,ALF472,0,MEMORY CARE,,
PAPILLION,SARPY,68046,WEL-LIFE AT PAPILLION,801 NORTH ADAMS STREET,(402) 339-1775,(402) 932-0083,"KISMET OMA-A, LLC",PAULA FANDRY,ALF,ALF190,48,AGED/DISABLED MED WVR CER,,
PAWNEE CITY,PAWNEE,68420,PAWNEE CITY ASSISTED LIVING,330 12TH STREET,(402) 852-2055,(402) 852-2065,PAWNEE CITY ASSISTED LIVING INC,CARALYN FRIEDLY,ALF,ALF378,24,AGED/DISABLED MED WVR CER,,
PENDER,THURSTON,68047,PRAIRIE BREEZE ASSISTED LIVING,1 MAZOUR DRIVE,(402) 385-1999,(402) 385-0113,PENDER COMMUNITY HOSPITAL DISTRICT,JON MAISE,ALF,ALF328,16,AGED/DISABLED MED WVR CER; COMPLEX NURSING,"PRAIRIE BREEZE ASSISTED LIVING PENDER COMMUNITY HOSPITAL DISTRICT, 200 VALLEY VIEW DRIVE,",
PLAINVIEW,PIERCE,68769,WHISPERING PINES ASSISTED LIVING,"PO BOX 219, 101 WEST HARPER AVE",(402) 582-3849,(402) 582-3850,CITY OF PLAINVIEW,JULEEN JOHNSON,ALF,ALF194,17,AGED/DISABLED MED WVR CER,,
PLATTSMOUTH,CASS,68048,Bailey Pointe of Plattsmouth,1913 OLD HWY 34 EAST,(402) 296-5133,(402) 296-3382,WELL NEBRASKA TENANT LLC,KIM CUNDALL,ALF,ALF419,45,AGED/DISABLED MED WVR CER,"ATTN: SAGORA LICENSING 801 CHERRY ST, UNIT 31, FORT WORTH TX 76102",
PLATTSMOUTH,CASS,68048,HOPE COOPERATIVE CARE,324 NORTH 5TH STREET,(402) 298-4140,(402) 298-4582,"HOPE COOPERATIVE CARE, INC",HALEY SCHWARTZ,ALF,ALF370,50,,,
PLATTSMOUTH,CASS,68048,THE NEBRASKA MASONIC HOME,,(402) 296-7300,(402) 296-7327,THE NEBRASKA MASONIC HOME,APRIL JOHNSTON,ALF,ALF306,52,,,
RANDOLPH,CEDAR,68771,COLONIAL ESTATES,"PO BOX 67, 811 SOUTH MAIN STREET",(402) 337-0444,(402) 337-1746,"RANDOLPH HEALTHCARE, INC",SPENCER BARTLETT,ALF,ALF037,12,AGED/DISABLED MED WVR CER,,
RAVENNA,BUFFALO,68869,SENECA SUNRISE,710 GRAND AVENUE,(308) 452-4444,(308) 452-7214,SENECA SUNRISE LLC,PAMELA MOLINA,ALF,ALF200,50,AGED/DISABLED MED WVR CER,,
RED CLOUD,WEBSTER,68970,CHERRY CORNER ESTATES,40 NORTH CHERRY STREET,(402) 746-2340,(402) 746-2351,CITY OF RED CLOUD,AMANDA HAJNY,ALF,ALF339,18,AGED/DISABLED MED WVR CER; ALZHEIMERS UNIT; MEMORY CARE,,
RUSHVILLE,SHERIDAN,69360,PARKVIEW LODGE,"PO BOX 129, 307 CONRAD STREET",(308) 327-2248,(308) 327-2066,CITY OF RUSHVILLE,HANNAH GRAHAM,ALF,ALF128,26,AGED/DISABLED MED WVR CER,,
SCOTTSBLUFF,SCOTTS BLUFF,69361,CIRRUS HOUSE INC APARTMENTS ASSISTED LIVING,1802 17TH AVE,(308) 632-2304,(308) 632-2831,CIRRUS HOUSE APARTMENTS LLP,MARCIA ESTRADA,ALF,ALF275,23,AGED/DISABLED MED WVR CER,,
SCOTTSBLUFF,SCOTTS BLUFF,69361,EMERALD COURT,315 WEST 33RD STREET,(308) 220-4007,(308) 220-3944,PROPERTY PARTNERS LLC,KIM SORIANO,ALF,ALF060,21,AGED/DISABLED MED WVR CER; ALZHEIMERS UNIT; MEMORY CARE,"EMERALD COURT C/O DEBORAH MELLUM, PO BOX 3163, MINOT ND 58702",
SCOTTSBLUFF,SCOTTS BLUFF,69361,MONUMENT REHABILITATION AND CARE CENTER,111 WEST 36TH STREET,(308) 635-2019,(308) 635-2438,SCOTTSBLUFF OPERATIONS LLC,GERALDINE GURNSEY,ALF,ALF020,23,AGED/DISABLED MED WVR CER,,
SCOTTSBLUFF,SCOTTS BLUFF,69361,REGIONAL WEST VILLAGE,320 EAST 42ND STREET,(308) 630-2010,(308) 630-2006,REGIONAL WEST MEDICAL CENTER,SARAH SOSA,ALF,ALF146,53,AGED/DISABLED MED WVR CER,,
SCOTTSBLUFF,SCOTTS BLUFF,69361,WEL-LIFE AT SCOTTSBLUFF,617 WEST 33RD STREET,(308) 632-1760,(308) 632-1782,"KISMET BFF-A, LLC",JENNIFER COFFMAN,ALF,ALF191,48,AGED/DISABLED MED WVR CER,,
SCOTTSBLUFF,SCOTTS BLUFF,69361,WESTERN NEBRASKA VETERANS HOME,1102 WEST 42ND STREET,(308) 632-0300,(308) 632-1384,NEBRASKA DEPARTMENT OF VETERAN'S AFFAIRS,RONALD STAVELY,ALF,ALF192,47,,,
SEWARD,SEWARD,68434,GREENE SENIOR LIVING,600 CHURCH STREET,(402) 643-9111,(402) 643-9128,,TERESA SCHOEN,ALF,ALF442,36,,"GREENE PLACE ENLIVANT - LEGAL DEPT, 330 N WABASH, SUITE 3700, CHICAGO IL 60611",
SEWARD,SEWARD,68434,KINSHIP POINTE AT SEWARD,500 HEARTLAND PARK DRIVE,(402) 643-6500,(402) 643-6893,,MARY CLARK,ALF,ALF457,66,AGED/DISABLED MED WVR CER,"KINSHIP POINTE AT SEWARD 1240 E INDEPENDENCE ST, STE 200, SPRINGFIELD MO 65804",
SEWARD,SEWARD,68434,MEMORIAL HEALTH CARE SYSTEMS,300 NORTH COLUMBIA AVENUE,(402) 643-2971,(402) 646-4605,MEMORIAL HEALTH CARE SYSTEMS,ROGER REAMER,ALF,ALF107,12,,,
SIDNEY,CHEYENNE,69162,SRMC SLOAN ESTATES ASSISTED LIVING FACILITY,2550 CRAIG AVENUE,(308) 254-4801,(308) 254-9777,SRMC LONG TERM CARE LLC,ANDREA HERROD,ALF,ALF429,42,AGED/DISABLED MED WVR CER,"SLOAN ESTATES ASSISTED LIVING SRMC, 1000 POLE CREEK CROSSING, SIDNEY NE 69162",
SOUTH SIOUX CITY,DAKOTA,68776,"Continental Senior Living, LLC",3200 G STREET,(402) 494-3043,(402) 494-8830,"CONTINENTAL SENIOR LIVING, LLC",CLARA OWOLABI,ALF,ALF297,35,AGED/DISABLED MED WVR CER,,
SOUTH SIOUX CITY,DAKOTA,68776,THE PALM AT REGENCY SQUARE,3501 DAKOTA AVENUE,(402) 494-1136,(402) 494-1239,THE PALM AT REGENCY SQUARE LLC,BETH BLOCK,ALF,ALF438,38,AGED/DISABLED MED WVR CER,,
ST PAUL,HOWARD,68873,MATELYN RETIREMENT COMMUNITY,602 O STREET,(308) 754-6022,(308) 754-9126,,PAULA BOSAK,ALF,ALF462,66,AGED/DISABLED MED WVR CER,,
STANTON,STANTON,68779,WESTSIDE REGENCY ASSISTED LIVING,301 17TH ST,(402) 439-2111,(402) 439-2132,,JONATHAN BRANDOW,ALF,ALF402,20,AGED/DISABLED MED WVR CER,"WESTSIDE REGENCY ASSISTED LIVING 800 11TH, STANTON NE 68779",
STROMSBURG,POLK,68666,THE PLAZA,,(402) 764-2711,(402) 764-4352,"P O BOX 367, 615 EAST 9TH STREET",SHEILA BJERRUM,ALF,ALF179,31,AGED/DISABLED MED WVR CER,,
SUPERIOR,NUCKOLLS,68978,GOOD SAMARITAN SOCIETY - VICTORIAN LEGACY,1160 SUNRISE STREET,(402) 879-3099,(402) 879-3445,EVANGELICAL LUTHERAN GOOD SAMARITAN SOCIETY,LORI RENZ,ALF,ALF301,24,AGED/DISABLED MED WVR CER; COMPLEX NURSING,,
SUPERIOR,NUCKOLLS,68978,KINGSWOOD COURT,1005 IDAHO STREET,(402) 207-1050,(402) 207-1052,KINGSWOOD COURT SENIOR CARE,SARAH WATSON,ALF,ALF353,44,AGED/DISABLED MED WVR CER,,
SUTTON,CLAY,68979,HILLCREST VIEW ASSISTED LIVING,205 WEST ADA STREET,(402) 773-5557,(402) 773-5559,"SUTTON COMMUNITY HOME, INC.",AMY SCHELKOPF,ALF,ALF235,20,AGED/DISABLED MED WVR CER,"HILLCREST VIEW ASSISTED LIVING C/O SUTTON COMMUNITY HOME INC, 1106 N SAUNDERS AVE,",
SYRACUSE,OTOE,68446,GOOD SAMARITAN SOCIETY - LINDEN VIEW,1720 LINDEN STREET,(402) 269-7535,(402) 269-3803,THE EVANGELICAL LUTHERAN GOOD SAMARITAN SOCIETY,GERRI HARDEN,ALF,ALF254,37,AGED/DISABLED MED WVR CER,"GOOD SAMARITAN COMMUNITIES OF SYRACUSE PO BOX F1, SYRACUSE NE 68446",
TILDEN,ANTELOPE,68781,PRAIRIE VIEW ASSISTED LIVING,100 S PINE STREET,(402) 368-2250,(402) 368-2254,"PRAIRIE VIEW ASSISTED LIVING, LLC",MELANIE SHELDON,ALF,ALF346,26,AGED/DISABLED MED WVR CER; COMPLEX NURSING,,
VALENTINE,CHERRY,69201,CHERRY HILLS ESTATES,1100 EAST 10TH STREET,(402) 376-2555,(402) 376-8038,"CHERRY HILLS ESTATES, L.L.C.",SALLY CONNER,ALF,ALF246,60,AGED/DISABLED MED WVR CER,,
VALLEY,DOUGLAS,68064,VALLEY LAKES ASSISTED LIVING,1006 SOUTH MAYNE STREET,(402) 359-4884,(402) 359-4600,"ORCHARD GARDENS, LP",JOSEPH BRAGA,ALF,ALF288,64,AGED/DISABLED MED WVR CER,,
VERDIGRE,KNOX,68783,ALPINE VILLAGE ASSISTED LIVING CENTER,500 JAMES STREET,(402) 668-2209,(402) 668-2335,VILLAGE OF VERDIGRE,LUCAS KAUP,ALF,ALF263,11,AGED/DISABLED MED WVR CER,"VILLAGE OF VERDIGRE 706 JAMES STREET, VERDIGRE NE 68783",
WAHOO,SAUNDERS,68066,"LIBERTY HOUSE, WAHOO",,(402) 681-5018,(402) 443-5506,JOHN & RACHEL PINKERTON,CHRISTINA THOMAS,ALF,ALF298,50,AGED/DISABLED MED WVR CER,"LIBERTY HOUSE, WAHOO 5919 MAPLE STREET, OMAHA NE 68104",
WAHOO,SAUNDERS,68066,SAUNDERS HOUSE,1313 HACKBERRY STREET,(402) 443-3333,(316) 201-3219,OXFORD NEBRASKA CAPITAL LLC,HEATHER HARTGRAVE,ALF,ALF396,46,AGED/DISABLED MED WVR CER,,
WAKEFIELD,DIXON,68784,WAKEFIELD HEALTH CARE CENTER,306 ASH STREET,(402) 287-2244,(402) 287-2245,CITY OF WAKEFIELD,TRACI HAGLUND,ALF,ALF186,18,AGED/DISABLED MED WVR CER,,
WAUSA,KNOX,68786,COUNTRYSIDE VILLA,,(402) 586-2890,(402) 586-2945,"WAUSA LEISURE LIVING, LLC",LEIGH BLOOMQUIST,ALF,ALF232,28,AGED/DISABLED MED WVR CER,,
WAYNE,WAYNE,68787,COUNTRY VIEW ASSISTED LIVING,811 EAST 14TH STREET,(402) 375-1922,(402) 375-1923,"LINDAHL HEALTHCARE, INC",MARTIN BROWN,ALF,ALF210,32,AGED/DISABLED MED WVR CER,,
WAYNE,WAYNE,68787,KINSHIP POINTE AT WAYNE,1500 VINTAGE HILL DRIVE,(402) 375-1500,(402) 375-3579,,KARISSA HAYS,ALF,ALF456,42,AGED/DISABLED MED WVR CER,"KINSHIP POINTE AT WAYNE 1240 E INDEPENDENCE ST, STE 200, SPRINGFIELD MO 65804",
WEST POINT,CUMING,68788,ST. JOSEPH'S RETIREMENT COMMUNITY,320 EAST DECATUR STREET,(402) 372-3477,(402) 372-6600,ST JOSEPHS ELDER SERVICES INC,SAMUEL PROKOPEC,ALF,ALF164,90,AGED/DISABLED MED WVR CER,,
WILBER,SALINE,68465,WILBER CARE CENTER,,(402) 821-2331,(402) 821-2568,"RR 1 BOX 5, 611 NORTH MAIN",NICOLE LANE,ALF,ALF195,68,AGED/DISABLED MED WVR CER,,
WISNER,CUMING,68791,WISNER CARE CENTER,1105 9TH STREET,(402) 529-3286,(402) 529-6560,,SAMMYE NYMAN,ALF,ALF197,16,AGED/DISABLED MED WVR CER,,
YORK,YORK,68467,WILLOW BROOK ASSISTED LIVING,2714 NORTH LINCOLN AVENUE,(402) 362-4886,(402) 362-4894,YORK GENERAL HEALTH CARE SERVICES,TREVA HANSON,ALF,ALF333,50,AGED/DISABLED MED WVR CER; COMPLEX NURSING,,
