license_no,license_type,licensee_name,dba,address,ssn_fein,issue_date,exp_date
2791,Community Pharmacy License,Western Drug Co Inc,,806 Illinois St Sidney NE 69162,,02/13/2008,07/01/2026
610,Community Pharmacy License,Walgreens #00541,,PO Box 901 Deerfield IL 60015,,03/01/1988,07/01/2026
863,Community Pharmacy License,Burwell Pharmacy,,137 Grand St PO Box 520 Burwell NE 68823,,04/01/1976,07/01/2026
1024,Community Pharmacy License,Farrell's Pharmacy,,120 W B St PO Box 667 McCook NE 69001,,05/01/1984,07/01/2026
1043,Community Pharmacy License,Johnson Pharmacy,,151 Maple St Friend NE 68359,,12/01/1969,07/01/2026
1133,Community Pharmacy License,Walgreens #03621,,PO Box 901 Deerfield IL 60015,,06/01/1987,07/01/2026
1147,Community Pharmacy License,Tooley Drug Co,,2615 13th St Columbus NE 68601,,05/01/1971,07/01/2026
1215,Community Pharmacy License,Walgreens #03694,,PO Box 901 Deerfield IL 60015,,04/01/1981,07/01/2026
1250,Community Pharmacy License,Walgreen Drug Co #5143,,PO Box 901 Deerfield IL 60015,,06/01/1987,07/01/2026
1268,Community Pharmacy License,Service Drug Store,,133 E 8th St Cozad NE 69130,,10/01/1972,07/01/2026
1298,Community Pharmacy License,Norfolk Regional Center,,1700 N Victory Rd PO Box 1209 Norfolk NE 68702,,10/28/1988,07/01/2026
1362,Community Pharmacy License,Walgreens #04443,,PO Box 901 Deerfield IL 60015,,10/01/1987,07/01/2026
1393,Community Pharmacy License,Walgreens #00515,,PO Box 901 Deerfield IL 60015,,01/01/1985,07/01/2026
1472,Community Pharmacy License,CHI Health Pharmacy -,,7710 Mercy Rd Ste 110 Omaha NE 68124,,03/01/1988,07/01/2026
1512,Community Pharmacy License,Douglas County Health,,4102 Woolworth Ave Omaha NE 68105,,06/01/1978,07/01/2026
1522,Community Pharmacy License,Carl T Curtis Health,,923 Senior Circle PO Box 250 Macy NE 68039,,12/01/1986,07/01/2026
1572,Community Pharmacy License,Walgreen Co. dba Walgreens,,PO Box 901 Deerfield IL 60015,,11/01/1979,07/01/2026
1574,Community Pharmacy License,Weaver Pharmacy,,1014 G St Geneva NE 68361,,04/01/1980,07/01/2026
3084,Community Pharmacy License,Safeway Pharmacy #0556,,Albertsons Attn PPSD 250 E Parkcenter Blvd Boise ID 83706,,03/22/2016,07/01/2026
1612,Community Pharmacy License,Walgreens #04754,,PO Box 901 Deerfield IL 60015,,10/01/1987,07/01/2026
1614,Community Pharmacy License,Walgreen Co. dba Walgreens,,PO Box 901 Deerfield IL 60015,,01/01/1984,07/01/2026
1662,Community Pharmacy License,Hy-Vee Pharmacy #1,,5150 Center St Omaha NE 68106,,05/01/1988,07/01/2026
2804,Community Pharmacy License,Hy-Vee #2,,1601 N 84th St Lincoln NE 68505,,05/05/2008,07/01/2026
1820,Community Pharmacy License,Walgreens #04088,,PO Box 901 Deerfield IL 60015,,02/01/1985,07/01/2026
1843,Community Pharmacy License,Wal-Mart Pharmacy 10-0645,,2400 W Pasewalk Ave Norfolk NE 68701,,03/06/1989,07/01/2026
1853,Community Pharmacy License,Walgreens #03716,,PO Box 901 Deerfield IL 60015,,11/17/1988,07/01/2026
1866,Community Pharmacy License,Barnas Drug Inc,,124 W 3rd St Wilber NE 68465,,12/01/1984,07/01/2026
1883,Community Pharmacy License,Walgreens #01430,,PO Box 901 Deerfield IL 60015,,01/01/1986,07/01/2026
1891,Community Pharmacy License,Hy-Vee Food and Drug,,6001 Village Dr Lincoln NE 68516,,06/01/1985,07/01/2026
1893,Community Pharmacy License,Wal-Mart Pharmacy 10-0790,,1902 W B St McCook NE 69001,,09/01/1985,07/01/2026
1904,Community Pharmacy License,Walgreen Co. dba Walgreens,,PO Box 901 Deerfield IL 60015,,02/01/1986,07/01/2026
2649,Community Pharmacy License,Wal-Mart Pharmacy 10-0885,,1326 280th Seward NE 68434,,08/12/2005,07/01/2026
1939,Community Pharmacy License,Wal-Mart Pharmacy 10-0598,,5411 2nd Ave Kearney NE 68847,,09/01/1986,07/01/2026
2017,Community Pharmacy License,Hy-Vee Pharmacy No. 8,,747 N 132nd St Omaha NE 68154,,02/01/1994,07/01/2026
2020,Community Pharmacy License,Super Saver Pharmacy #9,,2662 Cornhusker Highway Lincoln NE 68521,,10/12/1988,07/01/2026
2030,Community Pharmacy License,Charlie's U-Save Pharmacy,,2029 N Lincoln Ave York NE 68467,,01/30/1989,07/01/2026
2038,Community Pharmacy License,Gerimed Inc,,7915 N 30th St Omaha NE 68112,,05/30/1989,07/01/2026
2723,Community Pharmacy License,Wal-Mart Pharmacy 10-1332,,1601 Cornhusker Dr South Sioux City NE 68776,,10/12/2006,07/01/2026
2049,Community Pharmacy License,Hy-Vee Pharmacy #6,,9707 Q St Omaha NE 68127,,08/18/1989,07/01/2026
2644,Community Pharmacy License,Wal-Mart Pharmacy 10-0350,,101 E David Dr York NE 68467,,07/05/2005,07/01/2026
2083,Community Pharmacy License,Seward Family Pharmacy,,250 N Columbia Avenue Seward NE 68434,,07/02/1990,07/01/2026
2098,Community Pharmacy License,Wal-Mart Pharmacy 10-1585,,1401 S Dewey St North Platte NE 69101,,12/06/1990,07/01/2026
2117,Community Pharmacy License,Hy-Vee Pharmacy #4,,10808 Fort St Omaha NE 68164,,05/20/1991,07/01/2026
2121,Community Pharmacy License,Russ's Pharmacy #1,,1709 Washington St Lincoln NE 68502,,06/17/1991,07/01/2026
2160,Community Pharmacy License,Walgreens #02845,,PO Box 901 Deerfield IL 60015,,09/24/1992,07/01/2026
2176,Community Pharmacy License,Wal-Mart Pharmacy 10-1943,,4700 N 27th St Lincoln NE 68521,,04/02/1993,07/01/2026
2184,Community Pharmacy License,Walgreens #05736,,PO Box 901 Deerfield IL 60015,,07/12/1993,07/01/2026
2873,Community Pharmacy License,Hy-Vee Pharmacy #2,,14591 Stony Brook Blvd Omaha NE 68137,,07/12/2010,07/01/2026
2747,Community Pharmacy License,Wal-Mart Pharmacy 10-0418,,2831 Hwy 15 Fairbury NE 68352,,04/03/2007,07/01/2026
2207,Community Pharmacy License,Walgreens #03182,,PO Box 901 Deerfield IL 60015,,04/18/1994,07/01/2026
2236,Community Pharmacy License,Walgreens #03186,,PO Box 901 Deerfield IL 60015,,01/17/1995,07/01/2026
2241,Community Pharmacy License,Wal-Mart Pharmacy 10-0776,,3010 E 23rd St Fremont NE 68025,,03/03/1995,07/01/2026
2253,Community Pharmacy License,Walgreens #03202,,PO Box 901 Deerfield IL 60015,,07/20/1995,07/01/2026
2261,Community Pharmacy License,Korbel Drug Inc,,405 5th St Fairbury NE 68352-2501,,11/14/1995,07/01/2026
2274,Community Pharmacy License,Good Life Discount Pharmacy,,125 S 16th St Ord NE 68862,,02/09/1996,07/01/2026
2283,Community Pharmacy License,Charles Drew Health Center,,2915 Grant St Omaha NE 68111,47-0666715,05/06/1996,07/01/2026
2289,Community Pharmacy License,Hasselbalch Pharmacy,,143 S 3rd St Tecumseh NE 68450,,06/28/1996,07/01/2026
2299,Community Pharmacy License,Western Nebraska Veterans,,1102 W 42nd St Scottsbluff NE 69361,,08/27/1996,07/01/2026
2305,Community Pharmacy License,Hy-Vee Pharmacy #1387,,5020 N 27th St Lincoln NE 68521-1196,,09/26/1996,07/01/2026
2315,Community Pharmacy License,The Osmond Pharmacy,,322 State St PO Box 36 Osmond NE 68765,,04/23/1997,07/01/2026
2325,Community Pharmacy License,Hy-Vee Pharmacy #2 (1461),,2107 Taylor Ave Norfolk NE 68701,,07/02/1997,07/01/2026
2327,Community Pharmacy License,Hy-Vee Pharmacy #1 (1460),,120 E Norfolk Ave Norfolk NE 68701,,07/07/1997,07/01/2026
2334,Community Pharmacy License,Good Life Long Term Care,,125 S 16th St Ste A Ord NE 68862,,09/03/1997,07/01/2026
2336,Community Pharmacy License,Hy-Vee Pharmacy #5 (1470),,7910 Cass St Omaha NE 68114,,09/12/1997,07/01/2026
2340,Community Pharmacy License,The Nebraska Medical Center,,989200 Nebraska Medical Center Omaha NE 68198-9200,,10/23/1997,07/01/2026
2350,Community Pharmacy License,Wal-Mart Pharmacy 10-2579,,510 Linden St Chadron NE 69337,,01/13/1998,07/01/2026
3082,Community Pharmacy License,Russ's Pharmacy #2,,4554 W St Lincoln NE 68503,,03/16/2016,07/01/2026
2517,Community Pharmacy License,Lincoln Regional Center,,801 W Prospector Place Lincoln NE 68522,,03/10/2003,07/01/2026
2544,Community Pharmacy License,Bryan Medical Center East,,ATTN Pharmacy 1600 S 48th St Lincoln NE 68506,,05/13/2003,07/01/2026
2500,Community Pharmacy License,Good Samaritan Hospital,,10 E 31st St Kearney NE 68847-2926,,09/27/2002,07/01/2026
2553,Community Pharmacy License,Faith Reg Health Services,,2700 W Norfolk Ave Norfolk NE 68701,,05/21/2003,07/01/2026
2504,Community Pharmacy License,Mary Lanning Memorial,,715 N St Joseph Hastings NE 68901,,10/01/2002,07/01/2026
2527,Community Pharmacy License,Nebraska Methodist Hospital,,8303 Dodge St Omaha NE 68114,,04/02/2003,07/01/2026
2552,Community Pharmacy License,CHI Health St Francis,,2620 W Faidley Ave Grand Island NE 68803,,05/21/2003,07/01/2026
2546,Community Pharmacy License,York General Hospital,,2222 Lincoln Ave York NE 68467,,05/21/2003,07/01/2026
2503,Community Pharmacy License,North Platte NE Hosp Corp,,601 W Leota Box 1167 North Platte NE 69101-6525,,10/01/2002,07/01/2026
2923,Community Pharmacy License,Beatrice Community Hospital,,4800 Hospital Pkwy PO Box 278 Beatrice NE 68310,,04/04/2012,07/01/2026
2498,Community Pharmacy License,Regional West Medical,,4021 Ave B Scottsbluff NE 69361,,09/27/2002,07/01/2026
2505,Community Pharmacy License,Jefferson Comm Health Ctr,,2200 H St Box 277 Fairbury NE 68352,,10/01/2002,07/01/2026
2547,Community Pharmacy License,Madonna Rehabilitation,,5401 South St Lincoln NE 68506,470439599,05/21/2003,07/01/2026
2545,Community Pharmacy License,Bryan Medical Center West,,ATTN: Pharmacy 2300 S 16th St Lincoln NE 68502,,05/13/2003,07/01/2026
2789,Community Pharmacy License,Hy-Vee Drugstore Pharmacy,,8404 N. 30th St Omaha NE 68112,,02/07/2008,07/01/2026
2488,Community Pharmacy License,Norfolk Veterans Home,,600 E Benjamin Ave Norfolk NE 68701,,11/15/2001,07/01/2026
2704,Community Pharmacy License,Anderson Pharmacy,,1429 M St Ord NE 68862-1426,,06/09/2006,07/01/2026
2383,Community Pharmacy License,Hy-Vee Pharmacy #5 (1390),,7151 Stacy Ln Lincoln NE 68516,,09/01/1998,07/01/2026
2384,Community Pharmacy License,Community Pharmacy at,,3911 Ave B Ste M200 Scottsbluff NE 69361,,09/03/1998,07/01/2026
3083,Community Pharmacy License,Safeway Pharmacy #0557,,Albertsons Attn: PPSD 250 E Parkcenter Blvd Boise ID 83706,,03/22/2016,07/01/2026
2671,Community Pharmacy License,Louderback Drug,,201 S Main St PO Box 389 Madison NE 68748,,02/03/2006,07/01/2026
2391,Community Pharmacy License,Walgreens #04531,,PO Box 901 Deerfield IL 60015,,11/30/1998,07/01/2026
2394,Community Pharmacy License,LT Pedley Drug,,PO Box 108 Minden NE 68959,,01/04/1999,07/01/2026
2796,Community Pharmacy License,Holdrege Pharmacy,,516 W 14th Ave Ste 500 PO Box 804 Holdrege NE 68949,,04/15/2008,07/01/2026
3085,Community Pharmacy License,Safeway Pharmacy #2555,,Albertsons Attn PPSD 250 E Parkcenter Blvd Boise ID 83706,,05/03/2016,07/01/2026
2396,Community Pharmacy License,Super Saver Pharmacy #18,,3318 23rd St Columbus NE 68601,,02/22/1999,07/01/2026
2400,Community Pharmacy License,Walgreen Co. dba Walgreens,,PO Box 901 Deerfield IL 60015,,04/27/1999,07/01/2026
2402,Community Pharmacy License,Steffen Drug Store,,214 N Broadway Ave PO Box 248 Hartington NE 68739-0248,,06/07/1999,07/01/2026
2403,Community Pharmacy License,Hy-Vee Pharmacy #3 (1469),,8809 W Center Rd Omaha NE 68124-2044,,06/29/1999,07/01/2026
2411,Community Pharmacy License,Walgreens #04753,,PO Box 901 Deerfield IL 60015,,08/20/1999,07/01/2026
2413,Community Pharmacy License,Super Saver Pharmacy #17,,2525 Pine Lake Rd Lincoln NE 68512,,10/04/1999,07/01/2026
2702,Community Pharmacy License,Hy-Vee Pharmacy (1078),,3010 23rd St Columbus NE 68601,,05/16/2006,07/01/2026
2416,Community Pharmacy License,CHI Health Pharmacy -,,8613 N 30th St Omaha NE 68112,,11/18/1999,07/01/2026
2419,Community Pharmacy License,Wal-Mart Pharmacy 10-2784,,3620 N 6th St Beatrice NE 68310,,12/15/1999,07/01/2026
2423,Community Pharmacy License,Stockwell Pharmacy,,3811 S 27th St Lincoln NE 68502,,03/01/2000,07/01/2026
2426,Community Pharmacy License,Walgreens Pharmacy #05360,,PO Box 901 Deerfield IL 60015,,03/14/2000,07/01/2026
2865,Community Pharmacy License,Bloomfield Pharmacy,,105 S Broadway Ste 1 PO Box 9 Bloomfield NE 68718,,03/23/2010,07/01/2026
2445,Community Pharmacy License,Walgreens #05874,,PO Box 901 Deerfield IL 60015,,10/16/2000,07/01/2026
2443,Community Pharmacy License,Walgreens #05059,,PO Box 901 Deerfield IL 60015,,10/10/2000,07/01/2026
2450,Community Pharmacy License,Wal-Mart Pharmacy 10-2847,,10504 S 15th St Bellevue NE 68123,,12/28/2000,07/01/2026
2447,Community Pharmacy License,Walgreens #05966,,PO Box 901 Deerfield IL 60015,,11/14/2000,07/01/2026
2468,Community Pharmacy License,"Dillon Companies, LLC dba",,Attn: Pharmacy Licensing 1014 Vine Street Cincinnati OH 45202,,03/27/2001,07/01/2026
2467,Community Pharmacy License,"Dillon Companies, LLC dba",,Attn: Pharmacy Licensing 1014 Vine Street Cincinnati OH 45202,,03/27/2001,07/01/2026
2463,Community Pharmacy License,"Dillon Companies, LLC dba",,Attn Pharmacy Licensing 1014 Vine St Cincinnati OH 45202,,03/27/2001,07/01/2026
2465,Community Pharmacy License,"Dillon Companies, LLC dba",,Attn Pharmacy Licensing 1014 Vine St Cincinnati OH 45202,,03/27/2001,07/01/2026
2461,Community Pharmacy License,"Dillon Companies, LLC dba",,Attn: Pharmacy Licensing 1014 Vine St Cincinnati OH 45202,,03/26/2001,07/01/2026
2462,Community Pharmacy License,"Dillon Companies, LLC dba",,Attn Pharmacy Licensing 1014 Vine St Cincinnati OH 45202,,03/26/2001,07/01/2026
2466,Community Pharmacy License,"Dillon Companies, LLC dba",,Attn Pharmacy Licensing 1014 Vine St Cincinnati OH 45202,,03/27/2001,07/01/2026
2469,Community Pharmacy License,Wal-Mart Pharmacy 10-3267,,18201 Wright St Omaha NE 68130,,04/04/2001,07/01/2026
2475,Community Pharmacy License,Sam's Pharmacy 10-6413,,4900 N 27th St Lincoln NE 68521,,07/16/2001,07/01/2026
2484,Community Pharmacy License,Russ's Pharmacy #21,,1550 S Coddington Ave Lincoln NE 68522,,10/01/2001,07/01/2026
2489,Community Pharmacy License,"Dillon Companies, LLC dba",,Attn: Pharmacy Licensing 1014 Vine Street Cincinnati OH 45202,,11/26/2001,07/01/2026
2512,Community Pharmacy License,Walgreens #06884,,PO Box 901 Deerfield IL 60015,,02/12/2003,07/01/2026
2520,Community Pharmacy License,Hy-Vee Pharmacy (1620),,2501 Cornhusker Plaza South Sioux City NE 68776,,03/12/2003,07/01/2026
2501,Community Pharmacy License,Cherry County Hospital,,510 N Green St Valentine NE 69201,,10/01/2002,07/01/2026
2557,Community Pharmacy License,Boone County Health Center,,723 W Fairview St PO Box 151 Albion NE 68620,,05/21/2003,07/01/2026
2917,Community Pharmacy License,Tooleys Clinic Pharmacy,,PO BOX 1470 Columbus NE 68601,,01/26/2012,07/01/2026
2566,Community Pharmacy License,Walgreens #06962,,PO Box 901 Deerfield IL 60015,,08/12/2003,07/01/2026
2569,Community Pharmacy License,Walgreens #05741,,PO Box 901 Deerfield IL 60015,,08/13/2003,07/01/2026
2556,Community Pharmacy License,Columbus Community,,4600 38th Street PO Box 1800 Columbus NE 68601,,05/21/2003,07/01/2026
2575,Community Pharmacy License,PharMerica Pharmacy,,6528 S 118th St Omaha NE 68137,,09/19/2003,07/01/2026
2525,Community Pharmacy License,Wal-Mart Pharmacy 10-0867,,3322 Avenue I Scottsbluff NE 69361,,04/01/2003,07/01/2026
2570,Community Pharmacy License,Walgreen Co. dba Walgreens,,PO Box 901 Deerfield IL 60015,,08/13/2003,07/01/2026
2531,Community Pharmacy License,Walgreens #07272,,PO Box 901 Deerfield IL 60015,,04/14/2003,07/01/2026
2561,Community Pharmacy License,Wal-Mart Pharmacy 10-3278,,8700 Andermatt Dr Lincoln NE 68526,,08/05/2003,07/01/2026
2540,Community Pharmacy License,Walgreens #07383,,PO Box 901 Deerfield IL 60015,,05/06/2003,07/01/2026
2666,Community Pharmacy License,Main Street Apothecary,,201 E 2nd St Box 515 Laurel NE 68745,,01/09/2006,07/01/2026
2541,Community Pharmacy License,Westfield Pharmacy,,1845 West A North Platte NE 69101,,05/06/2003,07/01/2026
2582,Community Pharmacy License,Super Saver Pharmacy #4,,4554 W St Lincoln NE 68503,,11/18/2003,07/01/2026
2572,Community Pharmacy License,Nebraska Department of,,2620 W Van Dorn St Lincoln NE 68522,,08/28/2003,07/01/2026
2564,Community Pharmacy License,Walgreen Co. dba Walgreens,,PO Box 901 Deerfield IL 60015,,08/11/2003,07/01/2026
2590,Community Pharmacy License,RelyCare Pharmacy Lincoln,,1221 N Cotner Blvd Ste 1 Lincoln NE 68505,,02/02/2004,07/01/2026
2586,Community Pharmacy License,Mark's Pharmacy -,,624 Patterson St PO Box 117 Cambridge NE 69022,,12/11/2003,07/01/2026
2585,Community Pharmacy License,Walgreens #7693,,PO Box 901 Deerfield IL 60015,,12/01/2003,07/01/2026
2588,Community Pharmacy License,Hy-Vee Pharmacy #1472,,17810 Welch Plz Omaha NE 68135,,12/30/2003,07/01/2026
2598,Community Pharmacy License,Wal-Mart Pharmacy 10-1637,,702 SW 8th Street Bentonville AR 72716,,07/02/2004,07/01/2026
2596,Community Pharmacy License,Wal-Mart Pharmacy 10-5170,,3001 Silverberg Dr Sidney NE 69162,,04/16/2004,07/01/2026
2999,Community Pharmacy License,CSR/AVP Holdings,,11701 Centennial Rd Stes 2 & 3 La Vista NE 68128,,04/22/2014,07/01/2026
2601,Community Pharmacy License,Wal-Mart Pharmacy 10-0637,,200 Frontier St Lexington NE 68850,,07/02/2004,07/01/2026
3060,Community Pharmacy License,Gothenburg Discount,,902 Avenue D PO Box 159 Gothenburg NE 69138,,08/19/2015,07/01/2026
2608,Community Pharmacy License,CHI Alegent Health Memorial,,104 W 17th St Schuyler NE 68661,,08/30/2004,07/01/2026
2611,Community Pharmacy License,Sam's Pharmacy 10-8146,,13130 L St Omaha NE 68137,,09/17/2004,07/01/2026
2613,Community Pharmacy License,Wal-Mart Pharmacy 10-5361,,12850 L St Omaha NE 68137,,09/17/2004,07/01/2026
2631,Community Pharmacy License,Hy-Vee Pharmacy-1185,,840 E 23rd St Fremont NE 68025,,01/24/2005,07/01/2026
2619,Community Pharmacy License,"Dillon Companies, LLC dba",,Attn Pharmacy Licensing 1014 Vine St Cincinnati OH 45202,,10/22/2004,07/01/2026
2624,Community Pharmacy License,"Dillon Companies, LLC dba",,Attn Pharmacy Licensing 1014 Vine Street Cincinnati OH 45202,,11/10/2004,07/01/2026
2625,Community Pharmacy License,"Dillon Companies, LLC dba",,"12025 W. Center Rd, Omaha NE 68144",,11/10/2004,07/01/2026
2630,Community Pharmacy License,Walgreens #02472,,PO Box 901 Deerfield IL 60015,,01/24/2005,07/01/2026
2880,Community Pharmacy License,Nein Pharmacy,,1012 Main Street PO Box 141 Bridgeport NE 69336,,07/20/2010,07/01/2026
2635,Community Pharmacy License,Hy-Vee Pharmacy (1474),,3410 N 156th St Omaha NE 68116-2020,,03/18/2005,07/01/2026
2648,Community Pharmacy License,Butler County Pharmacy,,372 S 9th St David City NE 68632,,08/12/2005,07/01/2026
2646,Community Pharmacy License,Wal-Mart Pharmacy 10-1460,,3803 Osborne Dr West Hastings NE 68901,,07/05/2005,07/01/2026
2655,Community Pharmacy License,Wal-Mart Pharmacy 10-0774,,818 E 23rd St Columbus NE 68601,,11/10/2005,07/01/2026
2654,Community Pharmacy License,Walgreens #01162,,PO Box 901 Deerfield IL 60015,,11/10/2005,07/01/2026
2638,Community Pharmacy License,Varney Pharmacy,,744 South E Street PO Box 70 Broken Bow NE 68822,202197353,05/05/2005,07/01/2026
2700,Community Pharmacy License,Wal-Mart Pharmacy 10-1326,,2250 N Diers Ave Grand Island NE 68803,,05/16/2006,07/01/2026
2652,Community Pharmacy License,Crosier Park Pharmacy,,405 E 14th St Hastings NE 68901,,08/12/2005,07/01/2026
2659,Community Pharmacy License,Wal-Mart Pharmacy 10-3395,,3501 S Locust St Grand Island NE 68801,,11/10/2005,07/01/2026
2668,Community Pharmacy License,Wal-Mart Pharmacy 10-5141,,16960 W Maple Rd Omaha NE 68116,,01/13/2006,07/01/2026
2661,Community Pharmacy License,CHI Health Pharmacy -,,16909 Lakeside Hills Ct Ste 107 Omaha NE 68130,,01/03/2006,07/01/2026
2719,Community Pharmacy License,Walgreens #09899,,PO Box 901 Deerfield IL 60015,,10/12/2006,07/01/2026
2664,Community Pharmacy License,Option Care,,3000 Lakeside Drive Suite 300N Bannockburn IL 60015,,01/04/2006,07/01/2026
2709,Community Pharmacy License,Ken's U-Save Pharmacy,,1302 Linden Ave Crete NE 68333,,08/17/2006,07/01/2026
2715,Community Pharmacy License,CVS/Pharmacy #8610,,One CVS Drive Attn: Renee O'Coin/MC1160 Woonsocket RI 02895,,10/11/2006,07/01/2026
2991,Community Pharmacy License,CVS/Pharmacy #8615,,One CVS Drive Attn: Renee O'Coin/ MC1160 Woonsocket RI 02895,,12/12/2013,07/01/2026
2977,Community Pharmacy License,CVS/Pharmacy #8616,,Attn Renee O'Coin One CVS Drive MC 1160 Woonsocket RI 02895,,09/17/2013,07/01/2026
3001,Community Pharmacy License,CVS/Pharmacy #8626,,One CVS Drive MC1160 Woonsocket RI 02895,,04/30/2014,07/01/2026
2737,Community Pharmacy License,Wal-Mart Pharmacy 10-1671,,8525 S 71st Plz Papillion NE 68133,,01/04/2007,07/01/2026
2731,Community Pharmacy License,Walgreens Pharmacy #10502,,PO Box 901 Deerfield IL 60015,,12/19/2006,07/01/2026
2732,Community Pharmacy License,Walgreen Co. dba Walgreens,,PO Box 901 Deerfield IL 60015,,12/19/2006,07/01/2026
2754,Community Pharmacy License,Walgreen Co. dba Walgreens,,PO Box 901 Deerfield IL 60015,,05/18/2007,07/01/2026
2748,Community Pharmacy License,Promesa Health Pharmacy,,10815 Old Mill Rd Omaha NE 68154,,04/05/2007,07/01/2026
2742,Community Pharmacy License,Wal-Mart Pharmacy 10-4209,,2101 S 11th St Nebraska City NE 68410,,03/29/2007,07/01/2026
2755,Community Pharmacy License,Hy-Vee Pharmacy (1514),,11650 S 73rd St Papillion NE 68046,,05/23/2007,07/01/2026
2760,Community Pharmacy License,Wal-Mart Pharmacy 10-4322,,1800 E 29th St Crete NE 68333,,07/05/2007,07/01/2026
2764,Community Pharmacy License,"Lincoln Treatment Center,",,4305 O Street Lincoln NE 68510,,07/30/2007,07/01/2026
2759,Community Pharmacy License,"Omaha Treatment Center,",,11215 John Galt Blvd Omaha NE 68137,,07/02/2007,07/01/2026
2763,Community Pharmacy License,Walgreens #11089,,PO Box 901 Deerfield IL 60015,,07/27/2007,07/01/2026
2769,Community Pharmacy License,U-Save Pharmacy and,,902 N Highway 83 McCook NE 69001,,09/20/2007,07/01/2026
2777,Community Pharmacy License,Costco Wholesale,,PO Box 35005 Attn: Licensing Seattle WA 98124-3405,,11/16/2007,07/01/2026
2776,Community Pharmacy License,Walgreens #10892,,PO Box 901 Deerfield IL 60015,,11/15/2007,07/01/2026
2782,Community Pharmacy License,Walgreens #11204,,PO Box 901 Deerfield IL 60015,,01/04/2008,07/01/2026
2978,Community Pharmacy License,RelyCare LTC Pharmacy,,1219 N Cotner Blvd Lincoln NE 68505,,09/18/2013,07/01/2026
2787,Community Pharmacy License,Walgreens #11205,,PO Box 901 Deerfield IL 60015,,02/04/2008,07/01/2026
3051,Community Pharmacy License,U-Save Pharmacy of Norfolk,,1001 W Benjamin Ave Norfolk NE 68701,,07/13/2015,07/01/2026
2801,Community Pharmacy License,"Hy-vee, Inc. dba Hy-Vee 1221",,115 Wilmar Ave Grand Island NE 68803,,04/18/2008,07/01/2026
2807,Community Pharmacy License,CHI Health Pharmacy -,,3308 Samson Way Ste 106 Bellevue NE 68123,,06/03/2008,07/01/2026
2812,Community Pharmacy License,Gering U-Save Pharmacy,,1400 10th St Gering NE 69341,,07/07/2008,07/01/2026
2813,Community Pharmacy License,Walgreens #11203,,PO Box 901 Deerfield IL 60015,,07/07/2008,07/01/2026
2811,Community Pharmacy License,Soleo Health,,"2801 Network Blvd, Suite 505 Frisco TX 75034",,07/07/2008,07/01/2026
2882,Community Pharmacy License,Chadron Community Hospital,,825 Centennial Dr. Chadron NE 69337,,07/30/2010,07/01/2026
2824,Community Pharmacy License,"Hy-Vee, Inc dba Hy-Vee",,5010 O St Lincoln NE 68510,,01/07/2009,07/01/2026
2826,Community Pharmacy License,Wal-Mart Pharmacy 10-3823,,3400 N 85th St Lincoln NE 68507,,01/07/2009,07/01/2026
2825,Community Pharmacy License,Wal-Mart Pharmacy 10-4358,,1606 S 72nd St Omaha NE 68124,,01/07/2009,07/01/2026
2822,Community Pharmacy License,Walgreens #12115,,PO Box 901 Deerfield IL 60015,,01/07/2009,07/01/2026
2830,Community Pharmacy License,Walgreens #11957,,PO Box 901 Deerfield IL 60015,,02/01/2009,07/01/2026
2834,Community Pharmacy License,Walgreens #11356,,PO Box 901 Deerfield IL 60015,,03/08/2009,07/01/2026
2828,Community Pharmacy License,U-Save Pharmacy,,211 W Leota North Platte NE 69101,,01/17/2009,07/01/2026
2829,Community Pharmacy License,Family Fresh Market,,850 76th Street SW Byron Center MI 49315,,02/01/2009,07/01/2026
2837,Community Pharmacy License,BAART Community,,1720 Lakepointe Dr Ste 117 Lewisville TX 75057,,04/08/2009,07/01/2026
2850,Community Pharmacy License,"Cardinal Health 414, LLC",,5840 F Street Omaha NE 68117,,09/30/2009,07/01/2026
2842,Community Pharmacy License,CHI Health Pharmacy -,,11109 S 84th St Ste 1841 Papillion NE 68046,,07/27/2009,07/01/2026
2846,Community Pharmacy License,Haeberle's Grand Central,,7 W 25th St Kearney NE 68847,,08/27/2009,07/01/2026
2847,Community Pharmacy License,Walgreens #12538,,PO Box 901 Deerfield IL 60015,,08/27/2009,07/01/2026
2852,Community Pharmacy License,Walgreens #11355,,PO Box 901 Deerfield IL 60015,,10/26/2009,07/01/2026
2853,Community Pharmacy License,U-Save Pharmacy,,216 E 7th St Wayne NE 68787,,11/17/2009,07/01/2026
2870,Community Pharmacy License,Walgreens #13137,,PO Box 901 Deerfield IL 60015,,04/21/2010,07/01/2026
2862,Community Pharmacy License,One World Community Health,,"4920 S 30th St, Suite 105 Omaha NE 68107",,03/10/2010,07/01/2026
2863,Community Pharmacy License,Walgreens #12854,,PO Box 901 Deerfield IL 60015,,03/11/2010,07/01/2026
2866,Community Pharmacy License,Health Mart Pharmacy -,,15817 CW Hadan Drive Bennington NE 68007,,03/31/2010,07/01/2026
2867,Community Pharmacy License,Walgreens #12405,,PO Box 901 Deerfield IL 60015,,03/31/2010,07/01/2026
2872,Community Pharmacy License,Precision Compounding,,15722 W Center Rd Omaha NE 68130,,07/12/2010,07/01/2026
2874,Community Pharmacy License,The Nebraska Medical Center,,"2510 Bellevue Medical Center Drive, Suite 100 Bellevue NE 68123",,07/12/2010,07/01/2026
2885,Community Pharmacy License,"ARRX, Inc. dba Lake Crest",,620 Main St Ste B PO Box 972 Adams NE 68301,,09/24/2010,07/01/2026
2889,Community Pharmacy License,CVS/Pharmacy #5863,,One CVS Drive Attn: Renee O'Coin/ MC1160 Woonsocket RI 02895,,11/18/2010,07/01/2026
2895,Community Pharmacy License,Hy-Vee Pharmacy #7062,,"8404 N 30th St, Suite 100 Omaha NE 68112",,01/12/2011,07/01/2026
2886,Community Pharmacy License,"DTAG Pharmacies, Inc dba",,2123 Central Ave Kearney NE 68847,,09/24/2010,07/01/2026
2888,Community Pharmacy License,Wal-Mart Pharmacy 10-4600,,11350 Wickersham Blvd Gretna NE 68028,,11/16/2010,07/01/2026
2898,Community Pharmacy License,Clabaugh Pharmacy Inc.,,501 Court St Beatrice NE 68310,,03/09/2011,07/01/2026
2901,Community Pharmacy License,CVS/Pharmacy #2931,,14303 U St Omaha NE 68137,,03/18/2011,07/01/2026
3077,Community Pharmacy License,"Meds & More, Inc.",,1226 West Pasewalk Ave Norfolk NE 68701,,02/19/2016,07/01/2026
2906,Community Pharmacy License,Employer's Health Care,,PO Box 901 Deerfield IL 60015,,07/25/2011,07/01/2026
2910,Community Pharmacy License,U-Save Pharmacy Northwest,,3224 W 13th St Grand Island NE 68803,,08/26/2011,07/01/2026
2912,Community Pharmacy License,CVS/Pharmacy #5714,,4840 Dodge St Omaha NE 68132,,01/26/2012,07/01/2026
2916,Community Pharmacy License,"Hy-Vee, Inc dba Hy-Vee",,1000 S 178th St Omaha NE 68118,,01/26/2012,07/01/2026
2919,Community Pharmacy License,CVS/Pharmacy #4033,,5611 S 27th St Lincoln NE 68512,,01/30/2012,07/01/2026
2920,Community Pharmacy License,Fulmer Pharmacy,,1317 Hill St Holdrege NE 68949,,01/30/2012,07/01/2026
2925,Community Pharmacy License,Depot Drug,,221 S Jeffers Suite 2 North Platte NE 69101,,04/04/2012,07/01/2026
2926,Community Pharmacy License,Wal-Mart Pharmacy 10-4568,,1882 Holly St Blair NE 68008,,04/04/2012,07/01/2026
2936,Community Pharmacy License,CHI Health Pharmacy - 132nd,,13315 W Center Rd Ste 101 Omaha NE 68144,,11/29/2012,07/01/2026
2932,Community Pharmacy License,CHI Health Pharmacy -,,8248 S 96th St Suite 101 La Vista NE 68128,,11/26/2012,07/01/2026
2931,Community Pharmacy License,CVS/Pharmacy #473,,1550 South St Lincoln NE 68502,,11/26/2012,07/01/2026
2935,Community Pharmacy License,Tower Pharmacy Express #7,,349 N 78th St Omaha NE 68114,,11/28/2012,07/01/2026
2933,Community Pharmacy License,Family Fare Pharmacy #3811,,850 76TH ST SW BYRON CENTER MI 49315,,11/26/2012,07/01/2026
2946,Community Pharmacy License,Cody's U-Save Pharmacy,,2220 J Street Auburn NE 68305,,04/17/2013,07/01/2026
2938,Community Pharmacy License,CVS/Pharmacy #2741,,6901 S 84th St La Vista NE 68128,20-4281305,11/29/2012,07/01/2026
2941,Community Pharmacy License,Sam's Club Pharmacy 10-,,8480 Andermatt Dr Lincoln NE 68526,,11/29/2012,07/01/2026
2940,Community Pharmacy License,Manion's Drug Store,,719 Main St PO Box 85 Creighton NE 68729,,11/29/2012,07/01/2026
3089,Community Pharmacy License,Safeway Pharmacy #0549,,Albertson's Companies Attn: Pharmacy Licensing 250 E Parkcenter Blvd Boise ID 83706,,06/15/2016,07/01/2026
2965,Community Pharmacy License,Grant Pharmacy,,218 Central Ave Grant NE 69140,,08/21/2013,07/01/2026
2967,Community Pharmacy License,Super Saver Pharmacy #27,,840 Fallbrook Blvd Lincoln NE 68521,,08/21/2013,07/01/2026
2968,Community Pharmacy License,Walgreens #15237,,PO Box 901 Deerfield IL 60015,,08/26/2013,07/01/2026
2966,Community Pharmacy License,Svanda Healthmart Pharmacy,,314 Grand Ave Ravenna NE 68869,,08/21/2013,07/01/2026
2969,Community Pharmacy License,U Save Pharmacy Gretna,,611 N HWY 6 PO Box 99 Gretna NE 68028-0099,,08/30/2013,07/01/2026
2961,Community Pharmacy License,Wal-Mart Pharmacy 10-4138,,13105 Birch Dr Omaha NE 68164,,06/18/2013,07/01/2026
2960,Community Pharmacy License,Wal-Mart Pharmacy 10-3154,,2109 Towne Center Dr Bellevue NE 68123,,06/18/2013,07/01/2026
2972,Community Pharmacy License,U-Save Pharmacy South,,2105 S Locust St Grand Island NE 68801,,08/30/2013,07/01/2026
2973,Community Pharmacy License,U Save Pharmacy Ogallala,,23 N Spruce St Ogallala NE 69153,,09/16/2013,07/01/2026
2974,Community Pharmacy License,Wal-Mart Pharmacy 10-3153,,6710 S 167th St Omaha NE 68135,,09/17/2013,07/01/2026
2976,Community Pharmacy License,Wal-Mart Pharmacy 10-2432,,2500 Jamie Ln Lincoln NE 68512,,09/17/2013,07/01/2026
2979,Community Pharmacy License,Wal-Mart Pharmacy 10-3172,,5051 L St Omaha NE 68117,,09/24/2013,07/01/2026
2975,Community Pharmacy License,Pharmacy Solutions,,5750 Hidcote Dr Lincoln NE 68516,,09/17/2013,07/01/2026
2980,Community Pharmacy License,Midland Vet Services,,11722 Stonegate Cir Omaha NE 68164,,09/24/2013,07/01/2026
3006,Community Pharmacy License,Wal-Mart Pharmacy 10-3173,,9460 Giles Rd La Vista NE 68128,,04/30/2014,07/01/2026
2986,Community Pharmacy License,CVS/Pharmacy #10243,,One CVS Drive ATTN Renee O'Coin/MC1160 Woonsocket RI 02895,,11/01/2013,07/01/2026
2990,Community Pharmacy License,"CHI National Home Care,",,5428 F St Omaha NE 68117-2815,,11/01/2013,07/01/2026
3095,Community Pharmacy License,"Optum Infusion Services 302,",,8720 S 114th St Ste 106 La Vista NE 68128,,08/01/2016,07/01/2026
2995,Community Pharmacy License,"Hy-Vee, Inc. dba Hy-Vee",,16418 Westside Dr Plattsmouth NE 68048,,01/14/2014,07/01/2026
3002,Community Pharmacy License,CVS/Pharmacy #10293,,One CVS Drive ATTN Renee O'Coin/MC1160 Woonsocket RI 02895,,04/30/2014,07/01/2026
2996,Community Pharmacy License,A & A Drug Co.,,1612 N Bell St Fremont NE 68025,,03/04/2014,07/01/2026
3004,Community Pharmacy License,Wal-Mart Pharmacy 10-3152,,2451 N 90th St Omaha NE 68134,,04/30/2014,07/01/2026
3005,Community Pharmacy License,Wal-Mart Pharmacy 10-3151,,5018 Ames Ave Omaha NE 68104,,04/30/2014,07/01/2026
3008,Community Pharmacy License,U Save Pharmacy of Aurora,,219 Q St Aurora NE 68818,,04/30/2014,07/01/2026
3024,Community Pharmacy License,Pac N' Save Discount,,1519 W Hwy 34 Ste 1 Seward NE 68434,,08/07/2014,07/01/2026
3012,Community Pharmacy License,Kex Rx Pharmacy & Home,,120 E 18th St Falls City NE 68355,,07/03/2014,07/01/2026
3015,Community Pharmacy License,Arbor State Pharmacy,,PO Box 23 Wymore NE 68466,,07/03/2014,07/01/2026
3014,Community Pharmacy License,"Hy-Vee, Inc. dba Hy-Vee",,5212 3rd Ave Kearney NE 68845,,07/03/2014,07/01/2026
3010,Community Pharmacy License,"HYVACS, LLC dba Hy-Vee",,10004 S 152nd St Ste C Omaha NE 68138,,05/29/2014,07/01/2026
3009,Community Pharmacy License,"Amber Enterprises, Inc dba",,10004 S 152nd St Ste A Omaha NE 68138,,05/29/2014,07/01/2026
3032,Community Pharmacy License,Russ's Market Pharmacy #7,,611 N Burlington Ave Hastings NE 68901,,10/15/2014,07/01/2026
3016,Community Pharmacy License,Dave's Pharmacy,,508 Niobrara Avenue PO Box 95 Hemingford NE 69348,,07/25/2014,07/01/2026
3027,Community Pharmacy License,NCS Outpatient Pharmacy,,17201 Wright St Ste 204 Omaha NE 68130,,09/04/2014,07/01/2026
3029,Community Pharmacy License,Hematology & Oncology,,PO Box 641850 Omaha NE 68164,,09/09/2014,07/01/2026
3030,Community Pharmacy License,Walgreens Specialty,,PO Box 901 Deerfield IL 60015,,09/25/2014,07/01/2026
3028,Community Pharmacy License,Walmart Pharmacy 10-4139,,360 N Saddle Creek Rd Omaha NE 68131,,09/04/2014,07/01/2026
3033,Community Pharmacy License,Sam's Pharmacy 10-6181,,9851 S 71st Plz Papillion NE 68133,,10/17/2014,07/01/2026
3091,Community Pharmacy License,Genoa Healthcare LLC,,1 Optum Circle SUITE 100 Eden Prairie MN 55344,,06/15/2016,07/01/2026
3041,Community Pharmacy License,Reimer Pharmacy,,312 Broadway St PO Box 460 Fullerton NE 68638,,02/27/2015,07/01/2026
3038,Community Pharmacy License,CHI Health Pharmacy - 161st,,16101 Evans St Ste 101 Omaha NE 68116-2020,,02/17/2015,07/01/2026
3039,Community Pharmacy License,Walmart Pharmacy 10-7129,,508 SW 8th St Stop 0500 Bentonville AR 72712-6272,,02/17/2015,07/01/2026
3053,Community Pharmacy License,"Redler's LTC Pharmacy, LLC",,13831 Chalco Valley Pkwy Ste 101 Omaha NE 68138,,07/13/2015,07/01/2026
3054,Community Pharmacy License,Village Pharmacy of Red,,317 N Webster St Red Cloud NE 68970,,07/14/2015,07/01/2026
3059,Community Pharmacy License,Tigers Pharmacy Inc dba,,509 Chief St Benkelman NE 69021,,08/05/2015,07/01/2026
3058,Community Pharmacy License,ViaRx,,825 N 90th St Omaha NE 68114,,07/30/2015,07/01/2026
3062,Community Pharmacy License,CVS/Pharmacy #10441,,2307 23rd St Columbus NE 68601,,09/08/2015,07/01/2026
3063,Community Pharmacy License,Neighborhood LTC Pharmacy,,5115 S 111th St Omaha NE 68137,,10/16/2015,07/01/2026
3100,Community Pharmacy License,"Wellness Pharmacy, Inc.",,4640 Champlain Dr Ste 113 Lincoln NE 68521,,09/01/2016,07/01/2026
3065,Community Pharmacy License,Saunders Medical Center,,1760 County Road J Wahoo NE 68066,,01/20/2016,07/01/2026
3066,Community Pharmacy License,David City Discount,,422 5th St David City NE 68632,,01/20/2016,07/01/2026
3078,Community Pharmacy License,CHI Health Pharmacy - 42nd,,4220 L St Ste 101 Omaha NE 68107,,02/22/2016,07/01/2026
3064,Community Pharmacy License,U Save Pharmacy Lex,,603 North Washington Street Lexington NE 68850,,11/30/2015,07/01/2026
3079,Community Pharmacy License,CVS/Pharmacy #16055,,333 N 48th St Lincoln NE 68504-3505,,02/22/2016,07/01/2026
3073,Community Pharmacy License,CVS/Pharmacy #16148,,One CVS Drive MC 1160 Woonsocket RI 02895,,01/29/2016,07/01/2026
3074,Community Pharmacy License,CVS/Pharmacy #16297,,4800 3rd Ave Kearney NE 68845-2892,,02/11/2016,07/01/2026
3068,Community Pharmacy License,CVS/Pharmacy #16867,,3808 Twin Creek Dr Bellevue NE 68123-4163,,01/20/2016,07/01/2026
3072,Community Pharmacy License,CVS/Pharmacy #16903,,17810 W Center Rd Omaha NE 68130-2308,,01/21/2016,07/01/2026
3071,Community Pharmacy License,CVS/Pharmacy #17208,,7200 Dodge St Omaha NE 68114-3673,,01/21/2016,07/01/2026
3088,Community Pharmacy License,CVS/Pharmacy #17105,,6636 N 73rd Plz Omaha NE 68122-1803,,06/09/2016,07/01/2026
3070,Community Pharmacy License,CVS/Pharmacy #17392,,16959 Evans Plz Omaha NE 68116-2388,,01/20/2016,07/01/2026
3080,Community Pharmacy License,CVS/Pharmacy #17371,,8201 S 40th St Lincoln NE 68516-3005,,02/22/2016,07/01/2026
3069,Community Pharmacy License,CVS/Pharmacy #17446,,12500 K Plz Omaha NE 68137-2207,,01/20/2016,07/01/2026
3067,Community Pharmacy License,CVS/Pharmacy #16146,,4001 N 132nd St Omaha NE 68164-1839,,01/20/2016,07/01/2026
3081,Community Pharmacy License,Bryan Employee Specialty,,1600 S 48th St Lincoln NE 68506,,02/22/2016,07/01/2026
3102,Community Pharmacy License,Scribner Drugstore,,416 Main St PO Box 439 Scribner NE 68057,,09/02/2016,07/01/2026
3096,Community Pharmacy License,Super Saver Pharmacy #28,,710 W State St Grand Island NE 68801,,08/10/2016,07/01/2026
3111,Community Pharmacy License,O'Neill Family Pharmacy,,317 E Douglas Street Oneill NE 68763,,01/03/2017,07/01/2026
3106,Community Pharmacy License,Costco Pharmacy #1237,,12515 Portside Pkwy La Vista NE 68128,,11/10/2016,07/01/2026
3114,Community Pharmacy License,Nebraska Medicine Pharmacy,,4014 Leavenworth St Omaha NE 68198,,01/11/2017,07/01/2026
3120,Community Pharmacy License,Genoa Healthcare LLC,,1 Optum Circle SUITE 100 Eden Prairie MN 55344,,04/05/2017,07/01/2026
3115,Community Pharmacy License,Creighton University Campus,,2412 Cuming Ste 201 Omaha NE 68131,,02/03/2017,07/01/2026
3116,Community Pharmacy License,"Alivation Pharmacy, LLC",,8550 Cuthills Cir Lincoln NE 68526,,02/22/2017,07/01/2026
3118,Community Pharmacy License,West Holt Memorial Hospital,,313 West Pearl Street PO Box 277 Atkinson NE 68713,,03/17/2017,07/01/2026
3117,Community Pharmacy License,Frontier Family Pharmacy,,312 W 8th St Cozad NE 69130,,03/16/2017,07/01/2026
3126,Community Pharmacy License,Eastern Nebraska Veterans,,12505 Harrison Tull Drive Bellevue NE 68123,,08/11/2017,07/01/2026
3130,Community Pharmacy License,Trav's U-Save Pharmacy,,1414 16th St Central City NE 68826,,10/25/2017,07/01/2026
3133,Community Pharmacy License,Wells Drug,,113 S 4th St Albion NE 68620-1215,,11/02/2017,07/01/2026
3132,Community Pharmacy License,"Accredo Health Group, Inc",,19060 Q St Ste 101 Omaha NE 68135,,10/25/2017,07/01/2026
3137,Community Pharmacy License,Healing Gift Free Clinic,,2650 Farnam St Rm 213 Omaha NE 68131,,02/07/2018,07/01/2026
3135,Community Pharmacy License,Redline Pharmacy Solutions,,2415 Osborne Dr. East Ste 100 Hastings NE 68901,,11/22/2017,07/01/2026
3128,Community Pharmacy License,Walgreens #03269,,PO Box 901 Deerfield IL 60015,,09/25/2017,07/01/2026
3138,Community Pharmacy License,Costco Pharmacy # 1285,,1620 Pine Lake Rd Lincoln NE 68512,,02/13/2018,07/01/2026
3139,Community Pharmacy License,Children's Home Healthcare,,3000 South 84th Street Omaha NE 68124,,03/01/2018,07/01/2026
3144,Community Pharmacy License,Super Saver Pharmacy #11,,5460 S 56th St Lincoln NE 68516,,07/09/2018,07/01/2026
3142,Community Pharmacy License,"Cardinal Health 414, LLC",,3510 Village Dr Ste A Lincoln NE 68516,,04/05/2018,07/01/2026
3147,Community Pharmacy License,Nebraska Hematology-,,4004 Pioneer Woods Dr Lincoln NE 68506,,07/09/2018,07/01/2026
3140,Community Pharmacy License,Bemis Drug LLC,,129 S Chestnut St Kimball NE 69145,,03/30/2018,07/01/2026
3152,Community Pharmacy License,Sidney Regional Medical,,1000 Pole Creek Crossing Sidney NE 69162,,09/14/2018,07/01/2026
3156,Community Pharmacy License,Dave's Pharmacy,,301 Wyoming Ave Hemingford NE 69348,,12/11/2018,07/01/2026
3154,Community Pharmacy License,University of Nebraska Health,,550 N 19th St Lincoln NE 68588-0046,,09/21/2018,07/01/2026
3165,Community Pharmacy License,Methodist Fremont Health,,450 E 23rd St Fremont NE 68025,,04/29/2019,07/01/2026
3155,Community Pharmacy License,Keller Pharmacy,,101 W 3rd St PO Box 365 Ponca NE 68770,,11/21/2018,07/01/2026
3157,Community Pharmacy License,Valley Pharmacy Inc,,211 W 33rd St Kearney NE 68845,,12/13/2018,07/01/2026
3164,Community Pharmacy License,"SAKRX, LLC dba Kohll's Rx",,12741 Q St Omaha NE 68137,,04/18/2019,07/01/2026
3170,Community Pharmacy License,"SAKRX, LLC dba Kohll's Rx",,12741 Q St Omaha NE 68137,,07/18/2019,07/01/2026
3162,Community Pharmacy License,"SAKRX, LLC dba Kohll's Rx",,12741 Q St Omaha NE 68137,,04/11/2019,07/01/2026
3169,Community Pharmacy License,"SAKRX, LLC dba Kohll's Rx",,12741 Q St Omaha NE 68137,,07/18/2019,07/01/2026
3158,Community Pharmacy License,The Apothecary Shop,,PO Box 628 Pender NE 68047-0628,,01/02/2019,07/01/2026
3159,Community Pharmacy License,Central Nebraska Veterans,,4510 E 56th St Kearney NE 68847,,01/11/2019,07/01/2026
3178,Community Pharmacy License,Hy-Vee Pharmacy (7090),,5820 Westown Pkwy West Des Moines IA 50266-8223,,10/01/2019,07/01/2026
3179,Community Pharmacy License,Providence Community,,1200 Providence Rd Wayne NE 68787-1590,,10/02/2019,07/01/2026
3184,Community Pharmacy License,Nebraska LTC Pharmacy,,9301 Keystone Dr Lincoln NE 68516,,12/03/2019,07/01/2026
3167,Community Pharmacy License,U-Save Pharmacy,,3611 2nd Ave Kearney NE 68847,,06/24/2019,07/01/2026
3166,Community Pharmacy License,Medicine Man Pharmacy,,15615 Pacific St Ste 8 Omaha NE 68118,,06/24/2019,07/01/2026
3186,Community Pharmacy License,Genoa Healthcare LLC,,1 Optum Circle SUITE 100 Eden Prairie MN 55344,,12/20/2019,07/01/2026
3185,Community Pharmacy License,Lincoln Pharmacy,,2636 Ridgeline Ct Lincoln NE 68516,,12/20/2019,07/01/2026
3176,Community Pharmacy License,Sutton Pharmacy,,702 12th St Belleville KS 66935,,08/30/2019,07/01/2026
3177,Community Pharmacy License,Innovative Rx,,6005 Dunbar Rd Elm Creek NE 68836,,09/25/2019,07/01/2026
3187,Community Pharmacy License,Syracuse U-Save Pharmacy,,1701 Poplar St. P.O Box 220 Syracuse NE 68446,,02/20/2020,07/01/2026
3181,Community Pharmacy License,Chief Drug,,123 S 3rd St Tecumseh NE 68450,,11/01/2019,07/01/2026
3197,Community Pharmacy License,Plainview Family Pharmacy,,602 NW Park Circle Dr PO Box 616 Hartington NE 68739,,09/17/2020,07/01/2026
3188,Community Pharmacy License,J Kohll RX,,16705 Ontario Plz Omaha NE 68154,,03/13/2020,07/01/2026
3198,Community Pharmacy License,Neighborhood LTC Pharmacy,,1265 S Cotner Blvd Ste 30 Lincoln NE 68510,,10/05/2020,07/01/2026
3204,Community Pharmacy License,Frontier Family Pharmacy,,1620 O St Cozad NE 69130,,10/30/2020,07/01/2026
3210,Community Pharmacy License,U Save Pharmacy 4th St,,423 W 4th St Grand Island NE 68801,,01/25/2021,07/01/2026
3193,Community Pharmacy License,Paragon Partners,,110 S 52nd ST Omaha NE 68132,,06/17/2020,07/01/2026
3205,Community Pharmacy License,Meadowlark Pharmacy,,PO Box 426 Hickman NE 68372-9406,,10/30/2020,07/01/2026
3206,Community Pharmacy License,Kohll's Extended Care,,107 S 128th Plz Omaha NE 68154,,11/18/2020,07/01/2026
3203,Community Pharmacy License,Heart City Drug,,110 N Main St Valentine NE 69201,,10/30/2020,07/01/2026
3195,Community Pharmacy License,Franklin Drug,,2414 Road 1625 Blue Hill NE 68930,,07/28/2020,07/01/2026
3199,Community Pharmacy License,RxSolutions,,12704 S 71st St Papillion NE 68133,,10/14/2020,07/01/2026
3196,Community Pharmacy License,Stoner Drug,,2115 14th St Ste 201 Auburn NE 68305,,08/27/2020,07/01/2026
3218,Community Pharmacy License,Genoa Healthcare LLC,,1 Optum Circle SUITE 100 Eden Prairie MN 55344,,06/17/2021,07/01/2026
3217,Community Pharmacy License,Alliance Community,,2409 Box Butte Ave Alliance NE 69301,,06/01/2021,07/01/2026
3202,Community Pharmacy License,Hays Pharmacy,,706 W Main Street Alma NE 68920,,10/30/2020,07/01/2026
3207,Community Pharmacy License,Brehm Rexall Drug Inc,,608 Howard Avenue PO Box 185 Saint Paul NE 68873,,12/03/2020,07/01/2026
3208,Community Pharmacy License,Community Pharmacy,,21689 Northstar Drive PO Box 524 Gretna NE 68028,,12/22/2020,07/01/2026
3209,Community Pharmacy License,Thayer County Pharmacy,,428 Lincoln Ave Hebron NE 68370,,12/30/2020,07/01/2026
3216,Community Pharmacy License,Precision Direct Rx,,11605 Miracle Hills Drive Suite 100 Omaha NE 68154,,04/08/2021,07/01/2026
3226,Community Pharmacy License,U-Save Pharmacy,,13851 Guildford St Ste D Waverly NE 68462,,12/13/2021,07/01/2026
3215,Community Pharmacy License,Sav-RX Pharmacy,,1855 N Airport Rd Fremont NE 68025,,03/31/2021,07/01/2026
3224,Community Pharmacy License,Franciscan Pharmacy,,435 N Monitor St West Point NE 68788,,12/03/2021,07/01/2026
3220,Community Pharmacy License,Atlas RX,,11923 Pacific St. Suite A Omaha NE 68154,,08/26/2021,07/01/2026
3228,Community Pharmacy License,Wisner Apothecary,,118 18th St Wisner NE 68791,,12/29/2021,07/01/2026
3232,Community Pharmacy License,Senior RX Care of Nebraska,,5501 Alvo Road Lincoln NE 68514,,02/09/2022,07/01/2026
3229,Community Pharmacy License,Syracuse Area Health Retail,,7512 Highway 50 Weeping Water NE 68463,,12/30/2021,07/01/2026
3237,Community Pharmacy License,Hy-vee Inc dba Hy-vee,,11651 South 154th St Suite 200 Omaha NE 68138-3608,,04/01/2022,07/01/2026
3227,Community Pharmacy License,Spamm LLC dba Medicine,,122 W 16th St Schuyler NE 68661,,12/28/2021,07/01/2026
3225,Community Pharmacy License,Wahoo Man LLC dba,,526 N Linden St Wahoo NE 68066,,12/10/2021,07/01/2026
3242,Community Pharmacy License,Siouxland Community Health,,3410 Futures Drive South Sioux City NE 68776,,10/12/2022,07/01/2026
3231,Community Pharmacy License,"Covetrus North America, LLC",,5013 South 110th Omaha NE 68137,,01/26/2022,07/01/2026
3235,Community Pharmacy License,Henderson Pharmacy LLC,,1060 N Main St PO Box 711 Henderson NE 68371,,03/29/2022,07/01/2026
3236,Community Pharmacy License,Core LTC Pharmacy,,7428 Eastport Parkway Suite 101 La Vista NE 68128,,03/29/2022,07/01/2026
3234,Community Pharmacy License,Diabetes Supply Center of the,,10304 Crown Point Avenue Omaha NE 68134,,03/11/2022,07/01/2026
3239,Community Pharmacy License,CHI Health Pharmacy-,,"6829 N 72nd St, Suite 2160 Omaha NE 68122",,06/17/2022,07/01/2026
3258,Community Pharmacy License,Nebraska Medicine Hub,,770 N 114th Street Omaha NE 68154,,03/14/2023,07/01/2026
3256,Community Pharmacy License,Methodist Women's Hospital,,707 N. 190th Plaza Elkhorn NE 68022,,03/09/2023,07/01/2026
3240,Community Pharmacy License,Guardian Pharmacy of Grand,,"2208 N Webb Rd, Unit 3 Grand Island NE 68803",,07/18/2022,07/01/2026
3255,Community Pharmacy License,Merrick Medical Center,,2802 28th St PO Box 417 Central City NE 68826,,03/08/2023,07/01/2026
3250,Community Pharmacy License,Tibbals Street Pharmacy,,"1215 Tibbals Street, Suite 100 Holdrege NE 68949",,01/18/2023,07/01/2026
3241,Community Pharmacy License,Elmwood Pharmacy,,5203 Leavenworth Omaha NE 68106,,08/12/2022,07/01/2026
3251,Community Pharmacy License,Genoa Healthcare LLC,,1 Optum Circle SUITE 100 Eden Prairie MN 55344,,02/06/2023,07/01/2026
3253,Community Pharmacy License,CHI Health Pharmacy -,,"4055 Yankee Hill Road, Suite 101 Lincoln NE 68516",,02/27/2023,07/01/2026
3244,Community Pharmacy License,Custom Prescriptions Inc dba,,424 E Street Fairbury NE 68352,,10/25/2022,07/01/2026
3248,Community Pharmacy License,South Loup Community,,200 E Pacific Callaway NE 68825,,12/16/2022,07/01/2026
3267,Community Pharmacy License,Sidney Regional Medical,,1000 Pole Creek Crossing STE 237 Sidney NE 69162,,11/14/2023,07/01/2026
3246,Community Pharmacy License,Cody's U Save Pharmacy,,1821 S 11th ST Nebraska City NE 68410,,12/09/2022,07/01/2026
3254,Community Pharmacy License,Stockmen's Drug,,116 N Main ST Gordon NE 69343,,02/27/2023,07/01/2026
3259,Community Pharmacy License,Superior Pharmacy,,348 N Central AVE Superior NE 68978,,07/12/2023,07/01/2026
3261,Community Pharmacy License,Nebraska Medicine Village,,17405 Burke ST STE 0026 Omaha NE 68118,,07/27/2023,07/01/2026
3263,Community Pharmacy License,Children's Hospital & Medical,,8200 Dodge Street Omaha NE 68114,,09/01/2023,07/01/2026
3262,Community Pharmacy License,Genoa Healthcare LLC,,1 Optum Circle SUITE 100 Eden Prairie MN 55344,,07/28/2023,07/01/2026
3268,Community Pharmacy License,Alegent Creighton Health dba,,1625 N 205th ST STE 101 Elkhorn NE 68022,,11/14/2023,07/01/2026
3260,Community Pharmacy License,Hy-Vee Pharmacy (1227),,10855 South 191st St Omaha NE 68136,,07/19/2023,07/01/2026
3265,Community Pharmacy License,Genoa Healthcare LLC,,1 Optum Circle SUITE 100 Eden Prairie MN 55344,,09/13/2023,07/01/2026
3298,Community Pharmacy License,Walgreens #21578,,"6005 N 72nd Street, Suite 2 Omaha NE 68134",,08/05/2025,07/01/2026
3266,Community Pharmacy License,Rock County Pharmacy,,103 W HWY 20 Bassett NE 68714,,09/13/2023,07/01/2026
3264,Community Pharmacy License,Nebraska Orthopaedic,,2808 S 143rd PLZ Omaha NE 68144,,09/01/2023,07/01/2026
3272,Community Pharmacy License,Genoa Healthcare LLC,,1 Optum Circle SUITE 100 Eden Prairie MN 55344,,01/22/2024,07/01/2026
3269,Community Pharmacy License,Heartland Veterinary,,401 W 33rd ST Hastings NE 68901,,11/14/2023,07/01/2026
3271,Community Pharmacy License,Nebraska Medicine Home,,12565 W Center RD STE 120 Omaha NE 68144,,12/22/2023,07/01/2026
3274,Community Pharmacy License,"Nebraska Long Term Care,",,910 Court ST STE D Beatrice NE 68310,,01/23/2024,07/01/2026
3273,Community Pharmacy License,"Deines Pharmacy Beatrice,",,910 Court ST Beatrice NE 68310,,01/23/2024,07/01/2026
3288,Community Pharmacy License,Premier Compounding LLC,,2206 Longo DR STE 209 Bellevue NE 68005,,11/06/2024,07/01/2026
3280,Community Pharmacy License,Guardian Pharmacy of,,11171 Mill Valley Road Omaha NE 68154,,07/15/2024,07/01/2026
3277,Community Pharmacy License,Cancer Partners of Nebraska,,4101 Tiger Lily Road Suite 100 Lincoln NE 68516,,05/01/2024,07/01/2026
3276,Community Pharmacy License,HealthFirst Pharmacy,,540 G Street Pawnee City NE 68420,,04/16/2024,07/01/2026
3283,Community Pharmacy License,Genoa Healthcare LLC,,1 Optum Circle SUITE 100 Eden Prairie MN 55344,,07/30/2024,07/01/2026
3275,Community Pharmacy License,Bert's Pharmacy,,2929 Westown Parkway STE 100 West Des Moines IA 50266,,04/16/2024,07/01/2026
3279,Community Pharmacy License,Walgreens #21446,,10819 S 192nd Avenue Gretna NE 68028,,07/03/2024,07/01/2026
3281,Community Pharmacy License,Costco Pharmacy #1690,,PO Box 35005 Seattle WA 98124-3405,,07/30/2024,07/01/2026
3287,Community Pharmacy License,Alegent Creighton Health dba,,"6801 Newport Ave, Suite 101 Omaha NE 68152",,10/21/2024,07/01/2026
3285,Community Pharmacy License,Hilltop Community Pharmacy,,108 West 11th St Neligh NE 68756,,09/18/2024,07/01/2026
3291,Community Pharmacy License,Bonsai Health,,4224 S 50th Street Omaha NE 68117,,12/06/2024,07/01/2026
3292,Community Pharmacy License,Nebraska Medicine Kearney,,412 West 42nd St. Room 7 Kearney NE 68845,,02/03/2025,07/01/2026
3290,Community Pharmacy License,Ainsworth Pharmacy,,255 North Main Ainsworth NE 69210,,11/13/2024,07/01/2026
3294,Community Pharmacy License,Miller Pharmacy Specialties,,322 E 22nd Street Fremont NE 68025,,03/25/2025,07/01/2026
3297,Community Pharmacy License,Great Plains Health,,601 West Leota Suite 100 North Platte NE 69101,,07/07/2025,07/01/2026
3293,Community Pharmacy License,Franciscan Pharmacy,,211 N Engdahl AVE STE A Oakland NE 68045,,03/07/2025,07/01/2026
3295,Community Pharmacy License,Trav's U-Save Pharmacy,,415 Hawkeye St Osceola NE 68651,,03/28/2025,07/01/2026
3296,Community Pharmacy License,Consultants in Infectious,,3901 Pine Lake Road Lincoln NE 68516,,07/07/2025,07/01/2026
3300,Community Pharmacy License,Heartland Health Center,,"2116,W Faidley Ave. Ste #2100 Grand Island NE 68803",,11/20/2025,07/01/2026
3299,Community Pharmacy License,CVS/Pharmacy #17935,,3400 W 13th St. Grand Island NE 68803,,11/14/2025,07/01/2026
3301,Community Pharmacy License,"Kubat Custom Healthcare,",,11107 Mill Valley Road Omaha NE 68154,,12/22/2025,07/01/2026
